Date,Day,Phase,Week,Primary_5h,Secondary_1_5h,Aptitude_0_5h,Revise_1h,Milestone
2026-08-11,Tue,1 GATE BUILD,W01,"C Programming: Types, operators, precedence, control flow","Maths: Sets, relations, functions, equivalence, partial orders",Quantitative-494Q,,
2026-08-12,Wed,1 GATE BUILD,W01,"C Programming: Functions, scope, storage classes","Maths: Sets, relations, functions, equivalence, partial orders",Quantitative-494Q,,
2026-08-13,Thu,1 GATE BUILD,W01,C Programming: Recursion I - tracing and stack frames,"Maths: Sets, relations, functions, equivalence, partial orders",Quantitative-494Q,,
2026-08-14,Fri,1 GATE BUILD,W01,C Programming: Recursion II - problems + PYQ,"Maths: Sets, relations, functions, equivalence, partial orders",Quantitative-494Q,,
2026-08-15,Sat,1 GATE BUILD,W01,"C Programming: Pointers I - arithmetic, arrays vs pointers","Maths: Sets, relations, functions, equivalence, partial orders",Quantitative-494Q,,
2026-08-16,Sun,1 GATE BUILD,W01,"C Programming: Pointers II - pointer-to-pointer, function pointers","Maths: Sets, relations, functions, equivalence, partial orders",Quantitative-494Q,SUNDAY CHECKPOINT: 4 questions (see HOW-TO-STUDY.md section 8),
2026-08-17,Mon,1 GATE BUILD,W01,"C Programming: Structures, unions, dynamic memory + week PYQ","Maths: Sets, relations, functions, equivalence, partial orders",Quantitative-494Q,,
2026-08-18,Tue,1 GATE BUILD,W02,Data Structures: Arrays and strings,"Maths: Lattices, Hasse diagrams",Quantitative-494Q,,
2026-08-19,Wed,1 GATE BUILD,W02,Data Structures: Stacks - implementation and applications,"Maths: Lattices, Hasse diagrams",Quantitative-494Q,,
2026-08-20,Thu,1 GATE BUILD,W02,"Data Structures: Queues, circular and deque","Maths: Lattices, Hasse diagrams",Quantitative-494Q,,
2026-08-21,Fri,1 GATE BUILD,W02,Data Structures: Linked lists I - singly,"Maths: Lattices, Hasse diagrams",Quantitative-494Q,,
2026-08-22,Sat,1 GATE BUILD,W02,"Data Structures: Linked lists II - doubly, circular","Maths: Lattices, Hasse diagrams",Quantitative-494Q,,
2026-08-23,Sun,1 GATE BUILD,W02,Data Structures: Linked list problems + PYQ,"Maths: Lattices, Hasse diagrams",Quantitative-494Q,SUNDAY CHECKPOINT: 4 questions (see HOW-TO-STUDY.md section 8),
2026-08-24,Mon,1 GATE BUILD,W02,Data Structures: Week consolidation + all PYQ,"Maths: Lattices, Hasse diagrams",Quantitative-494Q,,CHECK gate2027.iitm.ac.in weekly - registration window opens around now
2026-08-25,Tue,1 GATE BUILD,W03,Data Structures: Binary trees - properties and counting,"Maths: Monoids, groups, subgroups, Lagrange",Quantitative-494Q,,
2026-08-26,Wed,1 GATE BUILD,W03,Data Structures: Tree traversals and reconstruction,"Maths: Monoids, groups, subgroups, Lagrange",Quantitative-494Q,,
2026-08-27,Thu,1 GATE BUILD,W03,"Data Structures: Binary search trees - search, insert, delete","Maths: Monoids, groups, subgroups, Lagrange",Quantitative-494Q,,
2026-08-28,Fri,1 GATE BUILD,W03,Data Structures: BST problems + PYQ,"Maths: Monoids, groups, subgroups, Lagrange",Quantitative-494Q,,
2026-08-29,Sat,1 GATE BUILD,W03,"Data Structures: Binary heaps I - build, heapify","Maths: Monoids, groups, subgroups, Lagrange",Quantitative-494Q,,
2026-08-30,Sun,1 GATE BUILD,W03,"REST DAY - full day off, scheduled, no guilt",,,,Monthly rest day
2026-08-31,Mon,1 GATE BUILD,W03,Data Structures: Graph representations + week PYQ,"Maths: Monoids, groups, subgroups, Lagrange",Quantitative-494Q,,
2026-09-01,Tue,1 GATE BUILD,W04,Algorithms: Asymptotic notation and orders of growth,Maths: Propositional logic,Quantitative-494Q,,
2026-09-02,Wed,1 GATE BUILD,W04,Algorithms: Recurrences - substitution and recursion tree,Maths: Propositional logic,Quantitative-494Q,,
2026-09-03,Thu,1 GATE BUILD,W04,Algorithms: Master theorem + PYQ,Maths: Propositional logic,Quantitative-494Q,,
2026-09-04,Fri,1 GATE BUILD,W04,"Algorithms: Sorting I - bubble, insertion, selection",Maths: Propositional logic,Quantitative-494Q,,
2026-09-05,Sat,1 GATE BUILD,W04,"Algorithms: Sorting II - merge sort, quick sort",Maths: Propositional logic,Quantitative-494Q,,
2026-09-06,Sun,1 GATE BUILD,W04,"Algorithms: Sorting III - heap, counting, radix, stability",Maths: Propositional logic,Quantitative-494Q,SUNDAY CHECKPOINT: 4 questions (see HOW-TO-STUDY.md section 8),
2026-09-07,Mon,1 GATE BUILD,W04,"Algorithms: Searching, binary search variants + PYQ",Maths: Propositional logic,Quantitative-494Q,,
2026-09-08,Tue,1 GATE BUILD,W05,"Algorithms: Hashing - collision resolution, load factor","Maths: First-order logic, quantifiers",Quantitative-494Q,,
2026-09-09,Wed,1 GATE BUILD,W05,Algorithms: Divide and conquer,"Maths: First-order logic, quantifiers",Quantitative-494Q,,
2026-09-10,Thu,1 GATE BUILD,W05,"Algorithms: Greedy I - activity selection, fractional knapsack","Maths: First-order logic, quantifiers",Quantitative-494Q,,
2026-09-11,Fri,1 GATE BUILD,W05,Algorithms: Greedy II - Huffman coding,"Maths: First-order logic, quantifiers",Quantitative-494Q,,
2026-09-12,Sat,1 GATE BUILD,W05,"Algorithms: Dynamic programming I - LCS, knapsack","Maths: First-order logic, quantifiers",Quantitative-494Q,,
2026-09-13,Sun,1 GATE BUILD,W05,"Algorithms: Dynamic programming II - matrix chain, coin change","Maths: First-order logic, quantifiers",Quantitative-494Q,SUNDAY CHECKPOINT: 4 questions (see HOW-TO-STUDY.md section 8),
2026-09-14,Mon,1 GATE BUILD,W05,"Algorithms: Graph traversal BFS/DFS, MST, shortest paths + PYQ","Maths: First-order logic, quantifiers",Quantitative-494Q,,
2026-09-15,Tue,1 GATE BUILD,W06,Digital Logic: Number systems and base conversion,"Maths: Counting, pigeonhole, inclusion-exclusion",Quantitative-494Q,,
2026-09-16,Wed,1 GATE BUILD,W06,Digital Logic: Fixed point and IEEE 754 floating point,"Maths: Counting, pigeonhole, inclusion-exclusion",Quantitative-494Q,,
2026-09-17,Thu,1 GATE BUILD,W06,Digital Logic: Floating point arithmetic + PYQ,"Maths: Counting, pigeonhole, inclusion-exclusion",Quantitative-494Q,,
2026-09-18,Fri,1 GATE BUILD,W06,"Digital Logic: Boolean algebra, minterms, maxterms","Maths: Counting, pigeonhole, inclusion-exclusion",Quantitative-494Q,,
2026-09-19,Sat,1 GATE BUILD,W06,Digital Logic: Karnaugh maps up to 5 variables,"Maths: Counting, pigeonhole, inclusion-exclusion",Quantitative-494Q,,
2026-09-20,Sun,1 GATE BUILD,W06,"Digital Logic: Quine-McCluskey - NPTEL/Neso, not in Tarnoff","Maths: Counting, pigeonhole, inclusion-exclusion",Quantitative-494Q,SUNDAY CHECKPOINT: 4 questions (see HOW-TO-STUDY.md section 8),
2026-09-21,Mon,1 GATE BUILD,W06,"Digital Logic: Combinational I - adders, subtractors, MUX","Maths: Counting, pigeonhole, inclusion-exclusion",Quantitative-494Q,,GATE REGISTRATION closes around end Sep - APPLY NOW if not done
2026-09-22,Tue,1 GATE BUILD,W07,"Digital Logic then COA: Combinational II - decoders, encoders, comparators","Maths: Recurrence relations, generating functions",Quantitative-494Q,,
2026-09-23,Wed,1 GATE BUILD,W07,Digital Logic then COA: Latches and flip-flops,"Maths: Recurrence relations, generating functions",Quantitative-494Q,,
2026-09-24,Thu,1 GATE BUILD,W07,Digital Logic then COA: Counters and shift registers,"Maths: Recurrence relations, generating functions",Quantitative-494Q,,
2026-09-25,Fri,1 GATE BUILD,W07,Digital Logic then COA: Sequential circuit design + Digital Logic PYQ,"Maths: Recurrence relations, generating functions",Quantitative-494Q,,
2026-09-26,Sat,1 GATE BUILD,W07,Digital Logic then COA: COA: instruction formats and ISA,"Maths: Recurrence relations, generating functions",Quantitative-494Q,,
2026-09-27,Sun,1 GATE BUILD,W07,"REST DAY - full day off, scheduled, no guilt",,,,Monthly rest day
2026-09-28,Mon,1 GATE BUILD,W07,Digital Logic then COA: COA: ALU design + PYQ,"Maths: Recurrence relations, generating functions",Quantitative-494Q,,
2026-09-29,Tue,1 GATE BUILD,W08,Computer Organisation: Hardwired control unit,"Maths: Graph theory - connectivity, degree",Quantitative-494Q,,
2026-09-30,Wed,1 GATE BUILD,W08,Computer Organisation: Microprogrammed control unit,"Maths: Graph theory - connectivity, degree",Quantitative-494Q,,
2026-10-01,Thu,1 GATE BUILD,W08,Computer Organisation: Control unit PYQ,"Maths: Graph theory - connectivity, degree",Quantitative-494Q,,
2026-10-02,Fri,1 GATE BUILD,W08,Computer Organisation: Memory hierarchy and locality,"Maths: Graph theory - connectivity, degree",Quantitative-494Q,,
2026-10-03,Sat,1 GATE BUILD,W08,Computer Organisation: Cache mapping - direct,"Maths: Graph theory - connectivity, degree",Quantitative-494Q,,
2026-10-04,Sun,1 GATE BUILD,W08,Computer Organisation: Cache mapping - associative and set-associative,"Maths: Graph theory - connectivity, degree",Quantitative-494Q,SUNDAY CHECKPOINT: 4 questions (see HOW-TO-STUDY.md section 8),
2026-10-05,Mon,1 GATE BUILD,W08,"Computer Organisation: Cache performance, AMAT + PYQ","Maths: Graph theory - connectivity, degree",Quantitative-494Q,,
2026-10-06,Tue,1 GATE BUILD,W09,Computer Organisation: Write policies and replacement algorithms,"Maths: Graph colouring, matching, planarity",Quantitative-494Q,,
2026-10-07,Wed,1 GATE BUILD,W09,Computer Organisation: Memory interfacing,"Maths: Graph colouring, matching, planarity",Quantitative-494Q,,
2026-10-08,Thu,1 GATE BUILD,W09,Computer Organisation: I/O interface and programmed I/O,"Maths: Graph colouring, matching, planarity",Quantitative-494Q,,
2026-10-09,Fri,1 GATE BUILD,W09,Computer Organisation: Interrupts,"Maths: Graph colouring, matching, planarity",Quantitative-494Q,,
2026-10-10,Sat,1 GATE BUILD,W09,Computer Organisation: DMA,"Maths: Graph colouring, matching, planarity",Quantitative-494Q,,
2026-10-11,Sun,1 GATE BUILD,W09,Computer Organisation: Instruction pipelining - stages and speedup,"Maths: Graph colouring, matching, planarity",Quantitative-494Q,SUNDAY CHECKPOINT: 4 questions (see HOW-TO-STUDY.md section 8),
2026-10-12,Mon,1 GATE BUILD,W09,Computer Organisation: Pipeline hazards + COA PYQ,"Maths: Graph colouring, matching, planarity",Quantitative-494Q,,
2026-10-13,Tue,1 GATE BUILD,W10,"Operating Systems: System calls, processes, PCB","Maths: Linear algebra - matrices, determinants",Quantitative-494Q,,
2026-10-14,Wed,1 GATE BUILD,W10,Operating Systems: Threads and models,"Maths: Linear algebra - matrices, determinants",Quantitative-494Q,,
2026-10-15,Thu,1 GATE BUILD,W10,Operating Systems: Inter-process communication,"Maths: Linear algebra - matrices, determinants",Quantitative-494Q,,
2026-10-16,Fri,1 GATE BUILD,W10,"Operating Systems: CPU scheduling I - FCFS, SJF, SRTF","Maths: Linear algebra - matrices, determinants",Quantitative-494Q,,
2026-10-17,Sat,1 GATE BUILD,W10,"Operating Systems: CPU scheduling II - RR, priority, multilevel","Maths: Linear algebra - matrices, determinants",Quantitative-494Q,,
2026-10-18,Sun,1 GATE BUILD,W10,Operating Systems: Scheduling PYQ,"Maths: Linear algebra - matrices, determinants",Quantitative-494Q,SUNDAY CHECKPOINT: 4 questions (see HOW-TO-STUDY.md section 8),
2026-10-19,Mon,1 GATE BUILD,W10,"Operating Systems: Synchronisation I - race conditions, critical section","Maths: Linear algebra - matrices, determinants",Quantitative-494Q,,
2026-10-20,Tue,1 GATE BUILD,W11,"Operating Systems: Synchronisation II - semaphores, classic problems","Maths: Linear systems, rank, LU decomposition",Quantitative-494Q,,
2026-10-21,Wed,1 GATE BUILD,W11,"Operating Systems: Deadlock - conditions, prevention, avoidance","Maths: Linear systems, rank, LU decomposition",Quantitative-494Q,,
2026-10-22,Thu,1 GATE BUILD,W11,Operating Systems: Banker's algorithm + PYQ,"Maths: Linear systems, rank, LU decomposition",Quantitative-494Q,,
2026-10-23,Fri,1 GATE BUILD,W11,"Operating Systems: Memory management, paging, segmentation","Maths: Linear systems, rank, LU decomposition",Quantitative-494Q,,
2026-10-24,Sat,1 GATE BUILD,W11,Operating Systems: Virtual memory and page replacement,"Maths: Linear systems, rank, LU decomposition",Quantitative-494Q,,
2026-10-25,Sun,1 GATE BUILD,W11,"REST DAY - full day off, scheduled, no guilt",,,,Monthly rest day
2026-10-26,Mon,1 GATE BUILD,W11,"Operating Systems: File systems, disk scheduling + OS PYQ","Maths: Linear systems, rank, LU decomposition",Quantitative-494Q,,
2026-10-27,Tue,1 GATE BUILD,W12,Theory of Computation: Regular expressions and languages,"Maths: Eigenvalues, eigenvectors",Quantitative-494Q,,
2026-10-28,Wed,1 GATE BUILD,W12,Theory of Computation: DFA construction,"Maths: Eigenvalues, eigenvectors",Quantitative-494Q,,
2026-10-29,Thu,1 GATE BUILD,W12,"Theory of Computation: NFA, epsilon-NFA and conversions","Maths: Eigenvalues, eigenvectors",Quantitative-494Q,,
2026-10-30,Fri,1 GATE BUILD,W12,"Theory of Computation: DFA minimisation, Myhill-Nerode","Maths: Eigenvalues, eigenvectors",Quantitative-494Q,,
2026-10-31,Sat,1 GATE BUILD,W12,Theory of Computation: Closure properties of regular languages,"Maths: Eigenvalues, eigenvectors",Quantitative-494Q,,
2026-11-01,Sun,1 GATE BUILD,W12,Theory of Computation: Pumping lemma for regular languages,"Maths: Eigenvalues, eigenvectors",Quantitative-494Q,SUNDAY CHECKPOINT: 4 questions (see HOW-TO-STUDY.md section 8),
2026-11-02,Mon,1 GATE BUILD,W12,Theory of Computation: Regular language PYQ,"Maths: Eigenvalues, eigenvectors",Quantitative-494Q,,Book GATE test series this week (GO Classes recommended)
2026-11-03,Tue,1 GATE BUILD,W13,"TOC and Compiler: Context-free grammars, ambiguity","Maths: Calculus - limits, continuity, differentiability",Quantitative-494Q,,
2026-11-04,Wed,1 GATE BUILD,W13,"TOC and Compiler: Normal forms - CNF, GNF","Maths: Calculus - limits, continuity, differentiability",Quantitative-494Q,,
2026-11-05,Thu,1 GATE BUILD,W13,TOC and Compiler: Pushdown automata,"Maths: Calculus - limits, continuity, differentiability",Quantitative-494Q,,
2026-11-06,Fri,1 GATE BUILD,W13,TOC and Compiler: CFL closure and pumping lemma,"Maths: Calculus - limits, continuity, differentiability",Quantitative-494Q,,
2026-11-07,Sat,1 GATE BUILD,W13,TOC and Compiler: Compiler: lexical analysis,"Maths: Calculus - limits, continuity, differentiability",Quantitative-494Q,,
2026-11-08,Sun,1 GATE BUILD,W13,"TOC and Compiler: Compiler: top-down parsing, LL(1)","Maths: Calculus - limits, continuity, differentiability",Quantitative-494Q,SUNDAY CHECKPOINT: 4 questions (see HOW-TO-STUDY.md section 8),
2026-11-09,Mon,1 GATE BUILD,W13,"TOC and Compiler: Compiler: bottom-up parsing, LR/SLR/LALR","Maths: Calculus - limits, continuity, differentiability",Quantitative-494Q,,
2026-11-10,Tue,1 GATE BUILD,W14,Compiler and TOC finish: Parsing PYQ,"Maths: Maxima-minima, MVT, integration",Quantitative-494Q,,
2026-11-11,Wed,1 GATE BUILD,W14,Compiler and TOC finish: Syntax-directed translation,"Maths: Maxima-minima, MVT, integration",Quantitative-494Q,,
2026-11-12,Thu,1 GATE BUILD,W14,Compiler and TOC finish: Intermediate code generation,"Maths: Maxima-minima, MVT, integration",Quantitative-494Q,,
2026-11-13,Fri,1 GATE BUILD,W14,"Compiler and TOC finish: Runtime environments, activation records","Maths: Maxima-minima, MVT, integration",Quantitative-494Q,,
2026-11-14,Sat,1 GATE BUILD,W14,"Compiler and TOC finish: Local optimisation, data flow analysis","Maths: Maxima-minima, MVT, integration",Quantitative-494Q,,
2026-11-15,Sun,1 GATE BUILD,W14,"Compiler and TOC finish: TOC: Turing machines, decidability","Maths: Maxima-minima, MVT, integration",Quantitative-494Q,SUNDAY CHECKPOINT: 4 questions (see HOW-TO-STUDY.md section 8),
2026-11-16,Mon,1 GATE BUILD,W14,"Compiler and TOC finish: TOC: undecidability, reductions, Rice + PYQ","Maths: Maxima-minima, MVT, integration",Quantitative-494Q,,
2026-11-17,Tue,1 GATE BUILD,W15,Databases: ER model and reduction to tables,"Maths: Probability - conditional, Bayes",Quantitative-494Q,,
2026-11-18,Wed,1 GATE BUILD,W15,Databases: Relational algebra,"Maths: Probability - conditional, Bayes",Quantitative-494Q,,
2026-11-19,Thu,1 GATE BUILD,W15,Databases: Tuple relational calculus,"Maths: Probability - conditional, Bayes",Quantitative-494Q,,
2026-11-20,Fri,1 GATE BUILD,W15,"Databases: SQL - joins, aggregates, nested","Maths: Probability - conditional, Bayes",Quantitative-494Q,,
2026-11-21,Sat,1 GATE BUILD,W15,"Databases: Functional dependencies, closure, keys","Maths: Probability - conditional, Bayes",Quantitative-494Q,,
2026-11-22,Sun,1 GATE BUILD,W15,Databases: Normal forms 1NF-BCNF,"Maths: Probability - conditional, Bayes",Quantitative-494Q,SUNDAY CHECKPOINT: 4 questions (see HOW-TO-STUDY.md section 8),
2026-11-23,Mon,1 GATE BUILD,W15,"Databases: Indexing, B and B+ trees - NPTEL, gap in Watt","Maths: Probability - conditional, Bayes",Quantitative-494Q,,
2026-11-24,Tue,1 GATE BUILD,W16,"Computer Networks: DBMS: transactions, ACID, schedules","Maths: Distributions, mean/median/mode/SD",Quantitative-494Q,,
2026-11-25,Wed,1 GATE BUILD,W16,"Computer Networks: DBMS: concurrency control, serialisability + PYQ","Maths: Distributions, mean/median/mode/SD",Quantitative-494Q,,
2026-11-26,Thu,1 GATE BUILD,W16,"Computer Networks: Layering, switching, performance metrics","Maths: Distributions, mean/median/mode/SD",Quantitative-494Q,,
2026-11-27,Fri,1 GATE BUILD,W16,"Computer Networks: Error detection, CRC, MAC, Ethernet","Maths: Distributions, mean/median/mode/SD",Quantitative-494Q,,
2026-11-28,Sat,1 GATE BUILD,W16,Computer Networks: Distance vector and link state routing,"Maths: Distributions, mean/median/mode/SD",Quantitative-494Q,,
2026-11-29,Sun,1 GATE BUILD,W16,"REST DAY - full day off, scheduled, no guilt",,,,Monthly rest day
2026-11-30,Mon,1 GATE BUILD,W16,"Computer Networks: TCP flow and congestion control, sockets, DNS, HTTP + PYQ","Maths: Distributions, mean/median/mode/SD",Quantitative-494Q,,MILESTONE: full syllabus first pass complete
2026-12-01,Tue,2 CONSOLIDATE,,"Revision 1: Data Structures - blank-paper recall, then redo ~ x ? questions",Subject test Tue/Fri + 2h written analysis,"Mixed aptitude, timed",Error log review,
2026-12-02,Wed,2 CONSOLIDATE,,"Revision 1: Data Structures - blank-paper recall, then redo ~ x ? questions",Short-notes compression,"Mixed aptitude, timed",Error log review,
2026-12-03,Thu,2 CONSOLIDATE,,"Revision 1: Data Structures - blank-paper recall, then redo ~ x ? questions",Short-notes compression,"Mixed aptitude, timed",Error log review,
2026-12-04,Fri,2 CONSOLIDATE,,"Revision 1: Algorithms - blank-paper recall, then redo ~ x ? questions",Subject test Tue/Fri + 2h written analysis,"Mixed aptitude, timed",Error log review,
2026-12-05,Sat,2 CONSOLIDATE,,"Revision 1: Algorithms - blank-paper recall, then redo ~ x ? questions",Short-notes compression,"Mixed aptitude, timed",Error log review,
2026-12-06,Sun,2 CONSOLIDATE,,"Revision 1: Algorithms - blank-paper recall, then redo ~ x ? questions",Short-notes compression,"Mixed aptitude, timed",Error log review,
2026-12-07,Mon,2 CONSOLIDATE,,"Revision 1: Algorithms - blank-paper recall, then redo ~ x ? questions",Short-notes compression,"Mixed aptitude, timed",Error log review,
2026-12-08,Tue,2 CONSOLIDATE,,"Revision 1: Discrete Maths - blank-paper recall, then redo ~ x ? questions",Subject test Tue/Fri + 2h written analysis,"Mixed aptitude, timed",Error log review,
2026-12-09,Wed,2 CONSOLIDATE,,"Revision 1: Discrete Maths - blank-paper recall, then redo ~ x ? questions",Short-notes compression,"Mixed aptitude, timed",Error log review,
2026-12-10,Thu,2 CONSOLIDATE,,"Revision 1: Discrete Maths - blank-paper recall, then redo ~ x ? questions",Short-notes compression,"Mixed aptitude, timed",Error log review,
2026-12-11,Fri,2 CONSOLIDATE,,"Revision 1: Operating Systems - blank-paper recall, then redo ~ x ? questions",Subject test Tue/Fri + 2h written analysis,"Mixed aptitude, timed",Error log review,
2026-12-12,Sat,2 CONSOLIDATE,,"Revision 1: Operating Systems - blank-paper recall, then redo ~ x ? questions",Short-notes compression,"Mixed aptitude, timed",Error log review,
2026-12-13,Sun,2 CONSOLIDATE,,"Revision 1: Operating Systems - blank-paper recall, then redo ~ x ? questions",Short-notes compression,"Mixed aptitude, timed",Error log review,
2026-12-14,Mon,2 CONSOLIDATE,,"Revision 1: Operating Systems - blank-paper recall, then redo ~ x ? questions",Short-notes compression,"Mixed aptitude, timed",Error log review,
2026-12-15,Tue,2 CONSOLIDATE,,"Revision 1: Digital Logic - blank-paper recall, then redo ~ x ? questions",Subject test Tue/Fri + 2h written analysis,"Mixed aptitude, timed",Error log review,
2026-12-16,Wed,2 CONSOLIDATE,,"Revision 1: Digital Logic - blank-paper recall, then redo ~ x ? questions",Short-notes compression,"Mixed aptitude, timed",Error log review,
2026-12-17,Thu,2 CONSOLIDATE,,"Revision 1: Computer Organisation - blank-paper recall, then redo ~ x ? questions",Short-notes compression,"Mixed aptitude, timed",Error log review,
2026-12-18,Fri,2 CONSOLIDATE,,"Revision 1: Computer Organisation - blank-paper recall, then redo ~ x ? questions",Subject test Tue/Fri + 2h written analysis,"Mixed aptitude, timed",Error log review,
2026-12-19,Sat,2 CONSOLIDATE,,"Revision 1: Computer Organisation - blank-paper recall, then redo ~ x ? questions",Short-notes compression,"Mixed aptitude, timed",Error log review,
2026-12-20,Sun,2 CONSOLIDATE,,"Revision 1: Theory of Computation - blank-paper recall, then redo ~ x ? questions",Short-notes compression,"Mixed aptitude, timed",Error log review,
2026-12-21,Mon,2 CONSOLIDATE,,"Revision 1: Theory of Computation - blank-paper recall, then redo ~ x ? questions",Short-notes compression,"Mixed aptitude, timed",Error log review,
2026-12-22,Tue,2 CONSOLIDATE,,"Revision 1: Theory of Computation - blank-paper recall, then redo ~ x ? questions",Subject test Tue/Fri + 2h written analysis,"Mixed aptitude, timed",Error log review,
2026-12-23,Wed,2 CONSOLIDATE,,"Revision 1: Compiler Design - blank-paper recall, then redo ~ x ? questions",Short-notes compression,"Mixed aptitude, timed",Error log review,
2026-12-24,Thu,2 CONSOLIDATE,,"Revision 1: Compiler Design - blank-paper recall, then redo ~ x ? questions",Short-notes compression,"Mixed aptitude, timed",Error log review,
2026-12-25,Fri,2 CONSOLIDATE,,"Revision 1: Databases - blank-paper recall, then redo ~ x ? questions",Subject test Tue/Fri + 2h written analysis,"Mixed aptitude, timed",Error log review,
2026-12-26,Sat,2 CONSOLIDATE,,"Revision 1: Databases - blank-paper recall, then redo ~ x ? questions",Short-notes compression,"Mixed aptitude, timed",Error log review,
2026-12-27,Sun,2 CONSOLIDATE,,"REST DAY - full day off, scheduled, no guilt",,,,Monthly rest day
2026-12-28,Mon,2 CONSOLIDATE,,"Revision 1: Computer Networks - blank-paper recall, then redo ~ x ? questions",Short-notes compression,"Mixed aptitude, timed",Error log review,
2026-12-29,Tue,2 CONSOLIDATE,,"Revision 1: Computer Networks - blank-paper recall, then redo ~ x ? questions",Subject test Tue/Fri + 2h written analysis,"Mixed aptitude, timed",Error log review,
2026-12-30,Wed,2 CONSOLIDATE,,"Revision 1: Computer Networks - blank-paper recall, then redo ~ x ? questions",Short-notes compression,"Mixed aptitude, timed",Error log review,
2026-12-31,Thu,2 CONSOLIDATE,,"Revision 1: Engineering Maths - blank-paper recall, then redo ~ x ? questions",Short-notes compression,"Mixed aptitude, timed",Error log review,
2027-01-01,Fri,2 CONSOLIDATE,,"Full paper under time: GATE 2024, 2025, 2026 - one per sitting","3h analysis, every wrong AND every lucky guess","Mixed aptitude, timed",Error log review,
2027-01-02,Sat,2 CONSOLIDATE,,"Full paper under time: GATE 2024, 2025, 2026 - one per sitting","3h analysis, every wrong AND every lucky guess","Mixed aptitude, timed",Error log review,
2027-01-03,Sun,2 CONSOLIDATE,,"Full paper under time: GATE 2024, 2025, 2026 - one per sitting","3h analysis, every wrong AND every lucky guess","Mixed aptitude, timed",Error log review,Baseline: aim 60-65
2027-01-04,Mon,3 GATE PEAK,,"FULL MOCK #1 - exam time of day, 3h, no breaks",Begin analysis,Aptitude 30 min,Weak-topic recall,NO NEW MATERIAL FROM TODAY
2027-01-05,Tue,3 GATE PEAK,,"Mock analysis, 3h - then revision 2 on what it exposed",Error log entries,Aptitude 30 min,Weak-topic recall,
2027-01-06,Wed,3 GATE PEAK,,"FULL MOCK #2 - exam time of day, 3h, no breaks",Begin analysis,Aptitude 30 min,Weak-topic recall,
2027-01-07,Thu,3 GATE PEAK,,"Mock analysis, 3h - then revision 2 on what it exposed",Error log entries,Aptitude 30 min,Weak-topic recall,
2027-01-08,Fri,3 GATE PEAK,,"FULL MOCK #3 - exam time of day, 3h, no breaks",Begin analysis,Aptitude 30 min,Weak-topic recall,
2027-01-09,Sat,3 GATE PEAK,,"Mock analysis, 3h - then revision 2 on what it exposed",Error log entries,Aptitude 30 min,Weak-topic recall,
2027-01-10,Sun,3 GATE PEAK,,"FULL MOCK #4 - exam time of day, 3h, no breaks",Begin analysis,Aptitude 30 min,Weak-topic recall,
2027-01-11,Mon,3 GATE PEAK,,"Mock analysis, 3h - then revision 2 on what it exposed",Error log entries,Aptitude 30 min,Weak-topic recall,
2027-01-12,Tue,3 GATE PEAK,,"FULL MOCK #5 - exam time of day, 3h, no breaks",Begin analysis,Aptitude 30 min,Weak-topic recall,
2027-01-13,Wed,3 GATE PEAK,,"Mock analysis, 3h - then revision 2 on what it exposed",Error log entries,Aptitude 30 min,Weak-topic recall,
2027-01-14,Thu,3 GATE PEAK,,"FULL MOCK #6 - exam time of day, 3h, no breaks",Begin analysis,Aptitude 30 min,Weak-topic recall,
2027-01-15,Fri,3 GATE PEAK,,"Mock analysis, 3h - then revision 2 on what it exposed",Error log entries,Aptitude 30 min,Weak-topic recall,
2027-01-16,Sat,3 GATE PEAK,,"FULL MOCK #7 - exam time of day, 3h, no breaks",Begin analysis,Aptitude 30 min,Weak-topic recall,
2027-01-17,Sun,3 GATE PEAK,,"Mock analysis, 3h - then revision 2 on what it exposed",Error log entries,Aptitude 30 min,Weak-topic recall,
2027-01-18,Mon,3 GATE PEAK,,"FULL MOCK #8 - exam time of day, 3h, no breaks",Begin analysis,Aptitude 30 min,Weak-topic recall,
2027-01-19,Tue,3 GATE PEAK,,"Mock analysis, 3h - then revision 2 on what it exposed",Error log entries,Aptitude 30 min,Weak-topic recall,
2027-01-20,Wed,3 GATE PEAK,,"FULL MOCK #9 - exam time of day, 3h, no breaks",Begin analysis,Aptitude 30 min,Weak-topic recall,
2027-01-21,Thu,3 GATE PEAK,,"Mock analysis, 3h - then revision 2 on what it exposed",Error log entries,Aptitude 30 min,Weak-topic recall,
2027-01-22,Fri,3 GATE PEAK,,"FULL MOCK #10 - exam time of day, 3h, no breaks",Begin analysis,Aptitude 30 min,Weak-topic recall,
2027-01-23,Sat,3 GATE PEAK,,"Mock analysis, 3h - then revision 2 on what it exposed",Error log entries,Aptitude 30 min,Weak-topic recall,
2027-01-24,Sun,3 GATE PEAK,,"FULL MOCK #11 - exam time of day, 3h, no breaks",Begin analysis,Aptitude 30 min,Weak-topic recall,
2027-01-25,Mon,3 GATE PEAK,,"Mock analysis, 3h - then revision 2 on what it exposed",Error log entries,Aptitude 30 min,Weak-topic recall,Target: mocks 75+
2027-01-26,Tue,3 GATE PEAK,,Revision round 3: short notes + error log ONLY,Formula sheet recitation,Aptitude 30 min,Weak-topic recall,
2027-01-27,Wed,3 GATE PEAK,,Revision round 3: short notes + error log ONLY,Formula sheet recitation,Aptitude 30 min,Weak-topic recall,
2027-01-28,Thu,3 GATE PEAK,,Revision round 3: short notes + error log ONLY,Formula sheet recitation,Aptitude 30 min,Weak-topic recall,
2027-01-29,Fri,3 GATE PEAK,,Revision round 3: short notes + error log ONLY,Formula sheet recitation,Aptitude 30 min,Weak-topic recall,
2027-01-30,Sat,3 GATE PEAK,,Revision round 3: short notes + error log ONLY,Formula sheet recitation,Aptitude 30 min,Weak-topic recall,
2027-01-31,Sun,3 GATE PEAK,,Revision round 3: short notes + error log ONLY,Formula sheet recitation,Aptitude 30 min,Weak-topic recall,
2027-02-01,Mon,3 GATE PEAK,,Revision round 3: short notes + error log ONLY,Formula sheet recitation,Aptitude 30 min,Weak-topic recall,
2027-02-02,Tue,3 GATE PEAK,,Revision round 3: short notes + error log ONLY,Formula sheet recitation,Aptitude 30 min,Weak-topic recall,
2027-02-03,Wed,3 GATE PEAK,,Revision round 3: short notes + error log ONLY,Formula sheet recitation,Aptitude 30 min,Weak-topic recall,
2027-02-04,Thu,3 GATE PEAK,,Revision round 3: short notes + error log ONLY,Formula sheet recitation,Aptitude 30 min,Weak-topic recall,
2027-02-05,Fri,3 GATE PEAK,,Revision round 3: short notes + error log ONLY,Formula sheet recitation,Aptitude 30 min,Weak-topic recall,
2027-02-06,Sat,3 GATE PEAK,,*** GATE 2027 EXAM ***,,,,GATE EXAM
2027-02-07,Sun,3 GATE PEAK,,*** GATE 2027 EXAM ***,,,,GATE EXAM
2027-02-08,Mon,4 REST,,Rest. Do not study.,,,,GATE done - recover for 2 weeks
2027-02-09,Tue,4 REST,,Rest. Do not study.,,,,
2027-02-10,Wed,4 REST,,Rest. Do not study.,,,,
2027-02-11,Thu,4 REST,,Rest. Do not study.,,,,
2027-02-12,Fri,4 REST,,Rest. Do not study.,,,,
2027-02-13,Sat,4 REST,,Rest. Do not study.,,,,
2027-02-14,Sun,4 REST,,Rest. Do not study.,,,,
2027-02-15,Mon,4 REST,,Rest. Do not study.,,,,
2027-02-16,Tue,4 REST,,Rest. Do not study.,,,,
2027-02-17,Wed,4 REST,,Rest. Do not study.,,,,
2027-02-18,Thu,4 REST,,Rest. Do not study.,,,,
2027-02-19,Fri,4 REST,,Rest. Do not study.,,,,
2027-02-20,Sat,4 REST,,Rest. Do not study.,,,,
2027-02-21,Sun,4 REST,,Rest. Do not study.,,,,
2027-02-22,Mon,5 IBPS NEW,,"IBPS PK new: Software Engineering - SDLC, waterfall, spiral, agile, UML, cohesion/coupling",Book: Hastings-Software-Engineering.pdf,IBPS-pattern aptitude 1h - START DAILY,,
2027-02-23,Tue,5 IBPS NEW,,"IBPS PK new: Software Engineering - SDLC, waterfall, spiral, agile, UML, cohesion/coupling",Book: Hastings-Software-Engineering.pdf,IBPS-pattern aptitude 1h - START DAILY,,
2027-02-24,Wed,5 IBPS NEW,,"IBPS PK new: Software Engineering - SDLC, waterfall, spiral, agile, UML, cohesion/coupling",Book: Hastings-Software-Engineering.pdf,IBPS-pattern aptitude 1h - START DAILY,,
2027-02-25,Thu,5 IBPS NEW,,"IBPS PK new: Software Engineering - SDLC, waterfall, spiral, agile, UML, cohesion/coupling",Book: Hastings-Software-Engineering.pdf,IBPS-pattern aptitude 1h - START DAILY,,
2027-02-26,Fri,5 IBPS NEW,,"IBPS PK new: Software Engineering - SDLC, waterfall, spiral, agile, UML, cohesion/coupling",Book: Hastings-Software-Engineering.pdf,IBPS-pattern aptitude 1h - START DAILY,,
2027-02-27,Sat,5 IBPS NEW,,"IBPS PK new: Software Engineering - SDLC, waterfall, spiral, agile, UML, cohesion/coupling",Book: Hastings-Software-Engineering.pdf,IBPS-pattern aptitude 1h - START DAILY,,
2027-02-28,Sun,5 IBPS NEW,,"IBPS PK new: Software Engineering - SDLC, waterfall, spiral, agile, UML, cohesion/coupling",Book: Hastings-Software-Engineering.pdf,IBPS-pattern aptitude 1h - START DAILY,,
2027-03-01,Mon,5 IBPS NEW,,"IBPS PK new: Software Engineering - SDLC, waterfall, spiral, agile, UML, cohesion/coupling",Book: Hastings-Software-Engineering.pdf,IBPS-pattern aptitude 1h - START DAILY,,
2027-03-02,Tue,5 IBPS NEW,,"IBPS PK new: Software Engineering - SDLC, waterfall, spiral, agile, UML, cohesion/coupling",Book: Hastings-Software-Engineering.pdf,IBPS-pattern aptitude 1h - START DAILY,,
2027-03-03,Wed,5 IBPS NEW,,"IBPS PK new: Software Engineering - SDLC, waterfall, spiral, agile, UML, cohesion/coupling",Book: Hastings-Software-Engineering.pdf,IBPS-pattern aptitude 1h - START DAILY,,
2027-03-04,Thu,5 IBPS NEW,,"IBPS PK new: Software Engineering - SDLC, waterfall, spiral, agile, UML, cohesion/coupling",Book: Hastings-Software-Engineering.pdf,IBPS-pattern aptitude 1h - START DAILY,,
2027-03-05,Fri,5 IBPS NEW,,"IBPS PK new: Software Engineering - SDLC, waterfall, spiral, agile, UML, cohesion/coupling",Book: Hastings-Software-Engineering.pdf,IBPS-pattern aptitude 1h - START DAILY,,
2027-03-06,Sat,5 IBPS NEW,,"IBPS PK new: Software Engineering - SDLC, waterfall, spiral, agile, UML, cohesion/coupling",Book: Hastings-Software-Engineering.pdf,IBPS-pattern aptitude 1h - START DAILY,,
2027-03-07,Sun,5 IBPS NEW,,"IBPS PK new: Software Engineering - SDLC, waterfall, spiral, agile, UML, cohesion/coupling",Book: Hastings-Software-Engineering.pdf,IBPS-pattern aptitude 1h - START DAILY,,
2027-03-08,Mon,5 IBPS NEW,,"IBPS PK new: OOP - classes, inheritance, polymorphism, encapsulation",Book: Eck-Java-OOP.pdf,IBPS-pattern aptitude 1h - START DAILY,,
2027-03-09,Tue,5 IBPS NEW,,"IBPS PK new: OOP - classes, inheritance, polymorphism, encapsulation",Book: Eck-Java-OOP.pdf,IBPS-pattern aptitude 1h - START DAILY,,
2027-03-10,Wed,5 IBPS NEW,,"IBPS PK new: OOP - classes, inheritance, polymorphism, encapsulation",Book: Eck-Java-OOP.pdf,IBPS-pattern aptitude 1h - START DAILY,,
2027-03-11,Thu,5 IBPS NEW,,"IBPS PK new: OOP - classes, inheritance, polymorphism, encapsulation",Book: Eck-Java-OOP.pdf,IBPS-pattern aptitude 1h - START DAILY,,
2027-03-12,Fri,5 IBPS NEW,,"IBPS PK new: OOP - classes, inheritance, polymorphism, encapsulation",Book: Eck-Java-OOP.pdf,IBPS-pattern aptitude 1h - START DAILY,,
2027-03-13,Sat,5 IBPS NEW,,"IBPS PK new: OOP - classes, inheritance, polymorphism, encapsulation",Book: Eck-Java-OOP.pdf,IBPS-pattern aptitude 1h - START DAILY,,
2027-03-14,Sun,5 IBPS NEW,,"IBPS PK new: OOP - classes, inheritance, polymorphism, encapsulation",Book: Eck-Java-OOP.pdf,IBPS-pattern aptitude 1h - START DAILY,,
2027-03-15,Mon,5 IBPS NEW,,"IBPS PK new: OOP - classes, inheritance, polymorphism, encapsulation",Book: Eck-Java-OOP.pdf,IBPS-pattern aptitude 1h - START DAILY,,
2027-03-16,Tue,5 IBPS NEW,,"IBPS PK new: OOP - classes, inheritance, polymorphism, encapsulation",Book: Eck-Java-OOP.pdf,IBPS-pattern aptitude 1h - START DAILY,,
2027-03-17,Wed,5 IBPS NEW,,"IBPS PK new: OOP - classes, inheritance, polymorphism, encapsulation",Book: Eck-Java-OOP.pdf,IBPS-pattern aptitude 1h - START DAILY,,
2027-03-18,Thu,5 IBPS NEW,,IBPS PK new: Information and Cyber Security,Book: Anderson-Security-Engineering-selected.pdf,IBPS-pattern aptitude 1h - START DAILY,,
2027-03-19,Fri,5 IBPS NEW,,IBPS PK new: Information and Cyber Security,Book: Anderson-Security-Engineering-selected.pdf,IBPS-pattern aptitude 1h - START DAILY,,
2027-03-20,Sat,5 IBPS NEW,,IBPS PK new: Information and Cyber Security,Book: Anderson-Security-Engineering-selected.pdf,IBPS-pattern aptitude 1h - START DAILY,,
2027-03-21,Sun,5 IBPS NEW,,IBPS PK new: Information and Cyber Security,Book: Anderson-Security-Engineering-selected.pdf,IBPS-pattern aptitude 1h - START DAILY,,
2027-03-22,Mon,5 IBPS NEW,,IBPS PK new: Information and Cyber Security,Book: Anderson-Security-Engineering-selected.pdf,IBPS-pattern aptitude 1h - START DAILY,,
2027-03-23,Tue,5 IBPS NEW,,IBPS PK new: Information and Cyber Security,Book: Anderson-Security-Engineering-selected.pdf,IBPS-pattern aptitude 1h - START DAILY,,
2027-03-24,Wed,5 IBPS NEW,,IBPS PK new: Information and Cyber Security,Book: Anderson-Security-Engineering-selected.pdf,IBPS-pattern aptitude 1h - START DAILY,,
2027-03-25,Thu,5 IBPS NEW,,IBPS PK new: Information and Cyber Security,Book: Anderson-Security-Engineering-selected.pdf,IBPS-pattern aptitude 1h - START DAILY,,
2027-03-26,Fri,5 IBPS NEW,,IBPS PK new: Information and Cyber Security,Book: Anderson-Security-Engineering-selected.pdf,IBPS-pattern aptitude 1h - START DAILY,,
2027-03-27,Sat,5 IBPS NEW,,IBPS PK new: Information and Cyber Security,Book: Anderson-Security-Engineering-selected.pdf,IBPS-pattern aptitude 1h - START DAILY,,
2027-03-28,Sun,5 IBPS NEW,,IBPS PK new: Web Technologies + Cloud Computing,Book: Eloquent-JavaScript + NIST-Cloud,IBPS-pattern aptitude 1h - START DAILY,,
2027-03-29,Mon,5 IBPS NEW,,IBPS PK new: Web Technologies + Cloud Computing,Book: Eloquent-JavaScript + NIST-Cloud,IBPS-pattern aptitude 1h - START DAILY,,
2027-03-30,Tue,5 IBPS NEW,,IBPS PK new: Web Technologies + Cloud Computing,Book: Eloquent-JavaScript + NIST-Cloud,IBPS-pattern aptitude 1h - START DAILY,,
2027-03-31,Wed,5 IBPS NEW,,IBPS PK new: Web Technologies + Cloud Computing,Book: Eloquent-JavaScript + NIST-Cloud,IBPS-pattern aptitude 1h - START DAILY,,
2027-04-01,Thu,5 IBPS NEW,,IBPS PK new: Web Technologies + Cloud Computing,Book: Eloquent-JavaScript + NIST-Cloud,IBPS-pattern aptitude 1h - START DAILY,,
2027-04-02,Fri,5 IBPS NEW,,IBPS PK new: Web Technologies + Cloud Computing,Book: Eloquent-JavaScript + NIST-Cloud,IBPS-pattern aptitude 1h - START DAILY,,
2027-04-03,Sat,5 IBPS NEW,,IBPS PK new: Web Technologies + Cloud Computing,Book: Eloquent-JavaScript + NIST-Cloud,IBPS-pattern aptitude 1h - START DAILY,,
2027-04-04,Sun,5 IBPS NEW,,"Gap topics: 8085/8086 microprocessor, data mining/warehousing/Big Data, black-box vs white-box testing terms, banking IT awareness (NEFT/RTGS/IMPS/UPI, core banking)",NPTEL / notes - no free book covers these,IBPS aptitude 1.5h daily,,Fill the four uncovered gaps
2027-04-05,Mon,5 IBPS NEW,,"Gap topics: 8085/8086 microprocessor, data mining/warehousing/Big Data, black-box vs white-box testing terms, banking IT awareness (NEFT/RTGS/IMPS/UPI, core banking)",NPTEL / notes - no free book covers these,IBPS aptitude 1.5h daily,,
2027-04-06,Tue,5 IBPS NEW,,"Gap topics: 8085/8086 microprocessor, data mining/warehousing/Big Data, black-box vs white-box testing terms, banking IT awareness (NEFT/RTGS/IMPS/UPI, core banking)",NPTEL / notes - no free book covers these,IBPS aptitude 1.5h daily,,
2027-04-07,Wed,5 IBPS NEW,,"Gap topics: 8085/8086 microprocessor, data mining/warehousing/Big Data, black-box vs white-box testing terms, banking IT awareness (NEFT/RTGS/IMPS/UPI, core banking)",NPTEL / notes - no free book covers these,IBPS aptitude 1.5h daily,,
2027-04-08,Thu,5 IBPS NEW,,"Gap topics: 8085/8086 microprocessor, data mining/warehousing/Big Data, black-box vs white-box testing terms, banking IT awareness (NEFT/RTGS/IMPS/UPI, core banking)",NPTEL / notes - no free book covers these,IBPS aptitude 1.5h daily,,
2027-04-09,Fri,5 IBPS NEW,,"Gap topics: 8085/8086 microprocessor, data mining/warehousing/Big Data, black-box vs white-box testing terms, banking IT awareness (NEFT/RTGS/IMPS/UPI, core banking)",NPTEL / notes - no free book covers these,IBPS aptitude 1.5h daily,,
2027-04-10,Sat,5 IBPS NEW,,"Gap topics: 8085/8086 microprocessor, data mining/warehousing/Big Data, black-box vs white-box testing terms, banking IT awareness (NEFT/RTGS/IMPS/UPI, core banking)",NPTEL / notes - no free book covers these,IBPS aptitude 1.5h daily,,
2027-04-11,Sun,5 IBPS NEW,,"Gap topics: 8085/8086 microprocessor, data mining/warehousing/Big Data, black-box vs white-box testing terms, banking IT awareness (NEFT/RTGS/IMPS/UPI, core banking)",NPTEL / notes - no free book covers these,IBPS aptitude 1.5h daily,,
2027-04-12,Mon,5 IBPS NEW,,"Gap topics: 8085/8086 microprocessor, data mining/warehousing/Big Data, black-box vs white-box testing terms, banking IT awareness (NEFT/RTGS/IMPS/UPI, core banking)",NPTEL / notes - no free book covers these,IBPS aptitude 1.5h daily,,
2027-04-13,Tue,5 IBPS NEW,,"Gap topics: 8085/8086 microprocessor, data mining/warehousing/Big Data, black-box vs white-box testing terms, banking IT awareness (NEFT/RTGS/IMPS/UPI, core banking)",NPTEL / notes - no free book covers these,IBPS aptitude 1.5h daily,,
2027-04-14,Wed,5 IBPS NEW,,"Gap topics: 8085/8086 microprocessor, data mining/warehousing/Big Data, black-box vs white-box testing terms, banking IT awareness (NEFT/RTGS/IMPS/UPI, core banking)",NPTEL / notes - no free book covers these,IBPS aptitude 1.5h daily,,
2027-04-15,Thu,5 IBPS NEW,,"Gap topics: 8085/8086 microprocessor, data mining/warehousing/Big Data, black-box vs white-box testing terms, banking IT awareness (NEFT/RTGS/IMPS/UPI, core banking)",NPTEL / notes - no free book covers these,IBPS aptitude 1.5h daily,,
2027-04-16,Fri,5 IBPS NEW,,"Gap topics: 8085/8086 microprocessor, data mining/warehousing/Big Data, black-box vs white-box testing terms, banking IT awareness (NEFT/RTGS/IMPS/UPI, core banking)",NPTEL / notes - no free book covers these,IBPS aptitude 1.5h daily,,
2027-04-17,Sat,5 IBPS NEW,,"Gap topics: 8085/8086 microprocessor, data mining/warehousing/Big Data, black-box vs white-box testing terms, banking IT awareness (NEFT/RTGS/IMPS/UPI, core banking)",NPTEL / notes - no free book covers these,IBPS aptitude 1.5h daily,,
2027-04-18,Sun,5 IBPS NEW,,"Gap topics: 8085/8086 microprocessor, data mining/warehousing/Big Data, black-box vs white-box testing terms, banking IT awareness (NEFT/RTGS/IMPS/UPI, core banking)",NPTEL / notes - no free book covers these,IBPS aptitude 1.5h daily,,
2027-04-19,Mon,5 IBPS NEW,,"Gap topics: 8085/8086 microprocessor, data mining/warehousing/Big Data, black-box vs white-box testing terms, banking IT awareness (NEFT/RTGS/IMPS/UPI, core banking)",NPTEL / notes - no free book covers these,IBPS aptitude 1.5h daily,,Start weekly sectional-timed aptitude mocks
2027-04-20,Tue,5 IBPS NEW,,"Gap topics: 8085/8086 microprocessor, data mining/warehousing/Big Data, black-box vs white-box testing terms, banking IT awareness (NEFT/RTGS/IMPS/UPI, core banking)",NPTEL / notes - no free book covers these,IBPS aptitude 1.5h daily,,
2027-04-21,Wed,5 IBPS NEW,,"Gap topics: 8085/8086 microprocessor, data mining/warehousing/Big Data, black-box vs white-box testing terms, banking IT awareness (NEFT/RTGS/IMPS/UPI, core banking)",NPTEL / notes - no free book covers these,IBPS aptitude 1.5h daily,,
2027-04-22,Thu,5 IBPS NEW,,"Gap topics: 8085/8086 microprocessor, data mining/warehousing/Big Data, black-box vs white-box testing terms, banking IT awareness (NEFT/RTGS/IMPS/UPI, core banking)",NPTEL / notes - no free book covers these,IBPS aptitude 1.5h daily,,
2027-04-23,Fri,5 IBPS NEW,,"Gap topics: 8085/8086 microprocessor, data mining/warehousing/Big Data, black-box vs white-box testing terms, banking IT awareness (NEFT/RTGS/IMPS/UPI, core banking)",NPTEL / notes - no free book covers these,IBPS aptitude 1.5h daily,,
2027-04-24,Sat,5 IBPS NEW,,"Gap topics: 8085/8086 microprocessor, data mining/warehousing/Big Data, black-box vs white-box testing terms, banking IT awareness (NEFT/RTGS/IMPS/UPI, core banking)",NPTEL / notes - no free book covers these,IBPS aptitude 1.5h daily,,
2027-04-25,Sun,5 IBPS NEW,,"Gap topics: 8085/8086 microprocessor, data mining/warehousing/Big Data, black-box vs white-box testing terms, banking IT awareness (NEFT/RTGS/IMPS/UPI, core banking)",NPTEL / notes - no free book covers these,IBPS aptitude 1.5h daily,,
2027-04-26,Mon,5 IBPS NEW,,"Gap topics: 8085/8086 microprocessor, data mining/warehousing/Big Data, black-box vs white-box testing terms, banking IT awareness (NEFT/RTGS/IMPS/UPI, core banking)",NPTEL / notes - no free book covers these,IBPS aptitude 1.5h daily,,
2027-04-27,Tue,5 IBPS NEW,,"Gap topics: 8085/8086 microprocessor, data mining/warehousing/Big Data, black-box vs white-box testing terms, banking IT awareness (NEFT/RTGS/IMPS/UPI, core banking)",NPTEL / notes - no free book covers these,IBPS aptitude 1.5h daily,,
2027-04-28,Wed,5 IBPS NEW,,"Gap topics: 8085/8086 microprocessor, data mining/warehousing/Big Data, black-box vs white-box testing terms, banking IT awareness (NEFT/RTGS/IMPS/UPI, core banking)",NPTEL / notes - no free book covers these,IBPS aptitude 1.5h daily,,
2027-04-29,Thu,5 IBPS NEW,,"Gap topics: 8085/8086 microprocessor, data mining/warehousing/Big Data, black-box vs white-box testing terms, banking IT awareness (NEFT/RTGS/IMPS/UPI, core banking)",NPTEL / notes - no free book covers these,IBPS aptitude 1.5h daily,,
2027-04-30,Fri,5 IBPS NEW,,"Gap topics: 8085/8086 microprocessor, data mining/warehousing/Big Data, black-box vs white-box testing terms, banking IT awareness (NEFT/RTGS/IMPS/UPI, core banking)",NPTEL / notes - no free book covers these,IBPS aptitude 1.5h daily,,
2027-05-01,Sat,6 IBPS PK REVISION,,"Revise A-covered-by-GATE: DBMS, Networks, OS, DS, Algorithms, COA, C - 2 subjects/week, revision only",Your GATE short notes do the work,IBPS aptitude 1.5h daily + weekly sectional mock,,PK revision - this is 100% of your merit
2027-05-02,Sun,6 IBPS PK REVISION,,"Revise A-covered-by-GATE: DBMS, Networks, OS, DS, Algorithms, COA, C - 2 subjects/week, revision only",Your GATE short notes do the work,IBPS aptitude 1.5h daily + weekly sectional mock,,
2027-05-03,Mon,6 IBPS PK REVISION,,"Revise A-covered-by-GATE: DBMS, Networks, OS, DS, Algorithms, COA, C - 2 subjects/week, revision only",Your GATE short notes do the work,IBPS aptitude 1.5h daily + weekly sectional mock,,
2027-05-04,Tue,6 IBPS PK REVISION,,"Revise A-covered-by-GATE: DBMS, Networks, OS, DS, Algorithms, COA, C - 2 subjects/week, revision only",Your GATE short notes do the work,IBPS aptitude 1.5h daily + weekly sectional mock,,
2027-05-05,Wed,6 IBPS PK REVISION,,"Revise A-covered-by-GATE: DBMS, Networks, OS, DS, Algorithms, COA, C - 2 subjects/week, revision only",Your GATE short notes do the work,IBPS aptitude 1.5h daily + weekly sectional mock,,
2027-05-06,Thu,6 IBPS PK REVISION,,"Revise A-covered-by-GATE: DBMS, Networks, OS, DS, Algorithms, COA, C - 2 subjects/week, revision only",Your GATE short notes do the work,IBPS aptitude 1.5h daily + weekly sectional mock,,
2027-05-07,Fri,6 IBPS PK REVISION,,"Revise A-covered-by-GATE: DBMS, Networks, OS, DS, Algorithms, COA, C - 2 subjects/week, revision only",Your GATE short notes do the work,IBPS aptitude 1.5h daily + weekly sectional mock,,
2027-05-08,Sat,6 IBPS PK REVISION,,"Revise A-covered-by-GATE: DBMS, Networks, OS, DS, Algorithms, COA, C - 2 subjects/week, revision only",Your GATE short notes do the work,IBPS aptitude 1.5h daily + weekly sectional mock,,
2027-05-09,Sun,6 IBPS PK REVISION,,"Revise A-covered-by-GATE: DBMS, Networks, OS, DS, Algorithms, COA, C - 2 subjects/week, revision only",Your GATE short notes do the work,IBPS aptitude 1.5h daily + weekly sectional mock,,
2027-05-10,Mon,6 IBPS PK REVISION,,"Revise A-covered-by-GATE: DBMS, Networks, OS, DS, Algorithms, COA, C - 2 subjects/week, revision only",Your GATE short notes do the work,IBPS aptitude 1.5h daily + weekly sectional mock,,
2027-05-11,Tue,6 IBPS PK REVISION,,"Revise A-covered-by-GATE: DBMS, Networks, OS, DS, Algorithms, COA, C - 2 subjects/week, revision only",Your GATE short notes do the work,IBPS aptitude 1.5h daily + weekly sectional mock,,
2027-05-12,Wed,6 IBPS PK REVISION,,"Revise A-covered-by-GATE: DBMS, Networks, OS, DS, Algorithms, COA, C - 2 subjects/week, revision only",Your GATE short notes do the work,IBPS aptitude 1.5h daily + weekly sectional mock,,
2027-05-13,Thu,6 IBPS PK REVISION,,"Revise A-covered-by-GATE: DBMS, Networks, OS, DS, Algorithms, COA, C - 2 subjects/week, revision only",Your GATE short notes do the work,IBPS aptitude 1.5h daily + weekly sectional mock,,
2027-05-14,Fri,6 IBPS PK REVISION,,"Revise A-covered-by-GATE: DBMS, Networks, OS, DS, Algorithms, COA, C - 2 subjects/week, revision only",Your GATE short notes do the work,IBPS aptitude 1.5h daily + weekly sectional mock,,
2027-05-15,Sat,6 IBPS PK REVISION,,"Revise A-covered-by-GATE: DBMS, Networks, OS, DS, Algorithms, COA, C - 2 subjects/week, revision only",Your GATE short notes do the work,IBPS aptitude 1.5h daily + weekly sectional mock,,
2027-05-16,Sun,6 IBPS PK REVISION,,"Revise A-covered-by-GATE: DBMS, Networks, OS, DS, Algorithms, COA, C - 2 subjects/week, revision only",Your GATE short notes do the work,IBPS aptitude 1.5h daily + weekly sectional mock,,
2027-05-17,Mon,6 IBPS PK REVISION,,"Revise A-covered-by-GATE: DBMS, Networks, OS, DS, Algorithms, COA, C - 2 subjects/week, revision only",Your GATE short notes do the work,IBPS aptitude 1.5h daily + weekly sectional mock,,
2027-05-18,Tue,6 IBPS PK REVISION,,"Revise A-covered-by-GATE: DBMS, Networks, OS, DS, Algorithms, COA, C - 2 subjects/week, revision only",Your GATE short notes do the work,IBPS aptitude 1.5h daily + weekly sectional mock,,
2027-05-19,Wed,6 IBPS PK REVISION,,"Revise A-covered-by-GATE: DBMS, Networks, OS, DS, Algorithms, COA, C - 2 subjects/week, revision only",Your GATE short notes do the work,IBPS aptitude 1.5h daily + weekly sectional mock,,
2027-05-20,Thu,6 IBPS PK REVISION,,"Revise A-covered-by-GATE: DBMS, Networks, OS, DS, Algorithms, COA, C - 2 subjects/week, revision only",Your GATE short notes do the work,IBPS aptitude 1.5h daily + weekly sectional mock,,
2027-05-21,Fri,6 IBPS PK REVISION,,"Revise A-covered-by-GATE: DBMS, Networks, OS, DS, Algorithms, COA, C - 2 subjects/week, revision only",Your GATE short notes do the work,IBPS aptitude 1.5h daily + weekly sectional mock,,
2027-05-22,Sat,6 IBPS PK REVISION,,"Revise A-covered-by-GATE: DBMS, Networks, OS, DS, Algorithms, COA, C - 2 subjects/week, revision only",Your GATE short notes do the work,IBPS aptitude 1.5h daily + weekly sectional mock,,
2027-05-23,Sun,6 IBPS PK REVISION,,"Revise A-covered-by-GATE: DBMS, Networks, OS, DS, Algorithms, COA, C - 2 subjects/week, revision only",Your GATE short notes do the work,IBPS aptitude 1.5h daily + weekly sectional mock,,
2027-05-24,Mon,6 IBPS PK REVISION,,"Revise A-covered-by-GATE: DBMS, Networks, OS, DS, Algorithms, COA, C - 2 subjects/week, revision only",Your GATE short notes do the work,IBPS aptitude 1.5h daily + weekly sectional mock,,
2027-05-25,Tue,6 IBPS PK REVISION,,"Revise A-covered-by-GATE: DBMS, Networks, OS, DS, Algorithms, COA, C - 2 subjects/week, revision only",Your GATE short notes do the work,IBPS aptitude 1.5h daily + weekly sectional mock,,
2027-05-26,Wed,6 IBPS PK REVISION,,"Revise A-covered-by-GATE: DBMS, Networks, OS, DS, Algorithms, COA, C - 2 subjects/week, revision only",Your GATE short notes do the work,IBPS aptitude 1.5h daily + weekly sectional mock,,
2027-05-27,Thu,6 IBPS PK REVISION,,"Revise A-covered-by-GATE: DBMS, Networks, OS, DS, Algorithms, COA, C - 2 subjects/week, revision only",Your GATE short notes do the work,IBPS aptitude 1.5h daily + weekly sectional mock,,
2027-05-28,Fri,6 IBPS PK REVISION,,"Revise A-covered-by-GATE: DBMS, Networks, OS, DS, Algorithms, COA, C - 2 subjects/week, revision only",Your GATE short notes do the work,IBPS aptitude 1.5h daily + weekly sectional mock,,
2027-05-29,Sat,6 IBPS PK REVISION,,"Revise A-covered-by-GATE: DBMS, Networks, OS, DS, Algorithms, COA, C - 2 subjects/week, revision only",Your GATE short notes do the work,IBPS aptitude 1.5h daily + weekly sectional mock,,
2027-05-30,Sun,6 IBPS PK REVISION,,"Revise A-covered-by-GATE: DBMS, Networks, OS, DS, Algorithms, COA, C - 2 subjects/week, revision only",Your GATE short notes do the work,IBPS aptitude 1.5h daily + weekly sectional mock,,
2027-05-31,Mon,6 IBPS PK REVISION,,"Revise A-covered-by-GATE: DBMS, Networks, OS, DS, Algorithms, COA, C - 2 subjects/week, revision only",Your GATE short notes do the work,IBPS aptitude 1.5h daily + weekly sectional mock,,
2027-06-01,Tue,6 IBPS PK REVISION,,"Revise A-covered-by-GATE: DBMS, Networks, OS, DS, Algorithms, COA, C - 2 subjects/week, revision only",Your GATE short notes do the work,IBPS aptitude 1.5h daily + weekly sectional mock,,
2027-06-02,Wed,6 IBPS PK REVISION,,"Revise A-covered-by-GATE: DBMS, Networks, OS, DS, Algorithms, COA, C - 2 subjects/week, revision only",Your GATE short notes do the work,IBPS aptitude 1.5h daily + weekly sectional mock,,
2027-06-03,Thu,6 IBPS PK REVISION,,"Revise A-covered-by-GATE: DBMS, Networks, OS, DS, Algorithms, COA, C - 2 subjects/week, revision only",Your GATE short notes do the work,IBPS aptitude 1.5h daily + weekly sectional mock,,
2027-06-04,Fri,6 IBPS PK REVISION,,"Revise A-covered-by-GATE: DBMS, Networks, OS, DS, Algorithms, COA, C - 2 subjects/week, revision only",Your GATE short notes do the work,IBPS aptitude 1.5h daily + weekly sectional mock,,
2027-06-05,Sat,6 IBPS PK REVISION,,"Revise A-covered-by-GATE: DBMS, Networks, OS, DS, Algorithms, COA, C - 2 subjects/week, revision only",Your GATE short notes do the work,IBPS aptitude 1.5h daily + weekly sectional mock,,
2027-06-06,Sun,6 IBPS PK REVISION,,"Revise A-covered-by-GATE: DBMS, Networks, OS, DS, Algorithms, COA, C - 2 subjects/week, revision only",Your GATE short notes do the work,IBPS aptitude 1.5h daily + weekly sectional mock,,
2027-06-07,Mon,6 IBPS PK REVISION,,"Revise A-covered-by-GATE: DBMS, Networks, OS, DS, Algorithms, COA, C - 2 subjects/week, revision only",Your GATE short notes do the work,IBPS aptitude 1.5h daily + weekly sectional mock,,
2027-06-08,Tue,6 IBPS PK REVISION,,"Revise A-covered-by-GATE: DBMS, Networks, OS, DS, Algorithms, COA, C - 2 subjects/week, revision only",Your GATE short notes do the work,IBPS aptitude 1.5h daily + weekly sectional mock,,
2027-06-09,Wed,6 IBPS PK REVISION,,"Revise A-covered-by-GATE: DBMS, Networks, OS, DS, Algorithms, COA, C - 2 subjects/week, revision only",Your GATE short notes do the work,IBPS aptitude 1.5h daily + weekly sectional mock,,
2027-06-10,Thu,6 IBPS PK REVISION,,"Revise A-covered-by-GATE: DBMS, Networks, OS, DS, Algorithms, COA, C - 2 subjects/week, revision only",Your GATE short notes do the work,IBPS aptitude 1.5h daily + weekly sectional mock,,
2027-06-11,Fri,6 IBPS PK REVISION,,"Revise A-covered-by-GATE: DBMS, Networks, OS, DS, Algorithms, COA, C - 2 subjects/week, revision only",Your GATE short notes do the work,IBPS aptitude 1.5h daily + weekly sectional mock,,
2027-06-12,Sat,6 IBPS PK REVISION,,"Revise A-covered-by-GATE: DBMS, Networks, OS, DS, Algorithms, COA, C - 2 subjects/week, revision only",Your GATE short notes do the work,IBPS aptitude 1.5h daily + weekly sectional mock,,
2027-06-13,Sun,6 IBPS PK REVISION,,"Revise A-covered-by-GATE: DBMS, Networks, OS, DS, Algorithms, COA, C - 2 subjects/week, revision only",Your GATE short notes do the work,IBPS aptitude 1.5h daily + weekly sectional mock,,
2027-06-14,Mon,6 IBPS PK REVISION,,"Revise A-covered-by-GATE: DBMS, Networks, OS, DS, Algorithms, COA, C - 2 subjects/week, revision only",Your GATE short notes do the work,IBPS aptitude 1.5h daily + weekly sectional mock,,
2027-06-15,Tue,6 IBPS PK REVISION,,"Revise A-covered-by-GATE: DBMS, Networks, OS, DS, Algorithms, COA, C - 2 subjects/week, revision only",Your GATE short notes do the work,IBPS aptitude 1.5h daily + weekly sectional mock,,
2027-06-16,Wed,6 IBPS PK REVISION,,"Revise A-covered-by-GATE: DBMS, Networks, OS, DS, Algorithms, COA, C - 2 subjects/week, revision only",Your GATE short notes do the work,IBPS aptitude 1.5h daily + weekly sectional mock,,
2027-06-17,Thu,6 IBPS PK REVISION,,"Revise A-covered-by-GATE: DBMS, Networks, OS, DS, Algorithms, COA, C - 2 subjects/week, revision only",Your GATE short notes do the work,IBPS aptitude 1.5h daily + weekly sectional mock,,
2027-06-18,Fri,6 IBPS PK REVISION,,"Revise A-covered-by-GATE: DBMS, Networks, OS, DS, Algorithms, COA, C - 2 subjects/week, revision only",Your GATE short notes do the work,IBPS aptitude 1.5h daily + weekly sectional mock,,
2027-06-19,Sat,6 IBPS PK REVISION,,"Revise A-covered-by-GATE: DBMS, Networks, OS, DS, Algorithms, COA, C - 2 subjects/week, revision only",Your GATE short notes do the work,IBPS aptitude 1.5h daily + weekly sectional mock,,
2027-06-20,Sun,6 IBPS PK REVISION,,"Revise A-covered-by-GATE: DBMS, Networks, OS, DS, Algorithms, COA, C - 2 subjects/week, revision only",Your GATE short notes do the work,IBPS aptitude 1.5h daily + weekly sectional mock,,
2027-06-21,Mon,7 IBPS PRELIMS PREP,,APPLICATION WINDOW - apply the day it opens (ibps.in). Then prelims mocks 2x/week,PK quick revision daily,Sectional-timed aptitude 2h daily,,APPLY. Missing this ends the attempt
2027-06-22,Tue,7 IBPS PRELIMS PREP,,APPLICATION WINDOW - apply the day it opens (ibps.in). Then prelims mocks 2x/week,PK quick revision daily,Sectional-timed aptitude 2h daily,,
2027-06-23,Wed,7 IBPS PRELIMS PREP,,APPLICATION WINDOW - apply the day it opens (ibps.in). Then prelims mocks 2x/week,PK quick revision daily,Sectional-timed aptitude 2h daily,,
2027-06-24,Thu,7 IBPS PRELIMS PREP,,APPLICATION WINDOW - apply the day it opens (ibps.in). Then prelims mocks 2x/week,PK quick revision daily,Sectional-timed aptitude 2h daily,,
2027-06-25,Fri,7 IBPS PRELIMS PREP,,APPLICATION WINDOW - apply the day it opens (ibps.in). Then prelims mocks 2x/week,PK quick revision daily,Sectional-timed aptitude 2h daily,,
2027-06-26,Sat,7 IBPS PRELIMS PREP,,APPLICATION WINDOW - apply the day it opens (ibps.in). Then prelims mocks 2x/week,PK quick revision daily,Sectional-timed aptitude 2h daily,,
2027-06-27,Sun,7 IBPS PRELIMS PREP,,APPLICATION WINDOW - apply the day it opens (ibps.in). Then prelims mocks 2x/week,PK quick revision daily,Sectional-timed aptitude 2h daily,,
2027-06-28,Mon,7 IBPS PRELIMS PREP,,APPLICATION WINDOW - apply the day it opens (ibps.in). Then prelims mocks 2x/week,PK quick revision daily,Sectional-timed aptitude 2h daily,,
2027-06-29,Tue,7 IBPS PRELIMS PREP,,APPLICATION WINDOW - apply the day it opens (ibps.in). Then prelims mocks 2x/week,PK quick revision daily,Sectional-timed aptitude 2h daily,,
2027-06-30,Wed,7 IBPS PRELIMS PREP,,APPLICATION WINDOW - apply the day it opens (ibps.in). Then prelims mocks 2x/week,PK quick revision daily,Sectional-timed aptitude 2h daily,,
2027-07-01,Thu,7 IBPS PRELIMS PREP,,APPLICATION WINDOW - apply the day it opens (ibps.in). Then prelims mocks 2x/week,PK quick revision daily,Sectional-timed aptitude 2h daily,,
2027-07-02,Fri,7 IBPS PRELIMS PREP,,APPLICATION WINDOW - apply the day it opens (ibps.in). Then prelims mocks 2x/week,PK quick revision daily,Sectional-timed aptitude 2h daily,,
2027-07-03,Sat,7 IBPS PRELIMS PREP,,APPLICATION WINDOW - apply the day it opens (ibps.in). Then prelims mocks 2x/week,PK quick revision daily,Sectional-timed aptitude 2h daily,,
2027-07-04,Sun,7 IBPS PRELIMS PREP,,APPLICATION WINDOW - apply the day it opens (ibps.in). Then prelims mocks 2x/week,PK quick revision daily,Sectional-timed aptitude 2h daily,,
2027-07-05,Mon,7 IBPS PRELIMS PREP,,APPLICATION WINDOW - apply the day it opens (ibps.in). Then prelims mocks 2x/week,PK quick revision daily,Sectional-timed aptitude 2h daily,,
2027-07-06,Tue,7 IBPS PRELIMS PREP,,APPLICATION WINDOW - apply the day it opens (ibps.in). Then prelims mocks 2x/week,PK quick revision daily,Sectional-timed aptitude 2h daily,,
2027-07-07,Wed,7 IBPS PRELIMS PREP,,APPLICATION WINDOW - apply the day it opens (ibps.in). Then prelims mocks 2x/week,PK quick revision daily,Sectional-timed aptitude 2h daily,,
2027-07-08,Thu,7 IBPS PRELIMS PREP,,APPLICATION WINDOW - apply the day it opens (ibps.in). Then prelims mocks 2x/week,PK quick revision daily,Sectional-timed aptitude 2h daily,,
2027-07-09,Fri,7 IBPS PRELIMS PREP,,APPLICATION WINDOW - apply the day it opens (ibps.in). Then prelims mocks 2x/week,PK quick revision daily,Sectional-timed aptitude 2h daily,,
2027-07-10,Sat,7 IBPS PRELIMS PREP,,APPLICATION WINDOW - apply the day it opens (ibps.in). Then prelims mocks 2x/week,PK quick revision daily,Sectional-timed aptitude 2h daily,,
2027-07-11,Sun,7 IBPS PRELIMS PREP,,APPLICATION WINDOW - apply the day it opens (ibps.in). Then prelims mocks 2x/week,PK quick revision daily,Sectional-timed aptitude 2h daily,,
2027-07-12,Mon,7 IBPS PRELIMS PREP,,APPLICATION WINDOW - apply the day it opens (ibps.in). Then prelims mocks 2x/week,PK quick revision daily,Sectional-timed aptitude 2h daily,,
2027-07-13,Tue,7 IBPS PRELIMS PREP,,APPLICATION WINDOW - apply the day it opens (ibps.in). Then prelims mocks 2x/week,PK quick revision daily,Sectional-timed aptitude 2h daily,,
2027-07-14,Wed,7 IBPS PRELIMS PREP,,APPLICATION WINDOW - apply the day it opens (ibps.in). Then prelims mocks 2x/week,PK quick revision daily,Sectional-timed aptitude 2h daily,,
2027-07-15,Thu,7 IBPS PRELIMS PREP,,APPLICATION WINDOW - apply the day it opens (ibps.in). Then prelims mocks 2x/week,PK quick revision daily,Sectional-timed aptitude 2h daily,,
2027-07-16,Fri,7 IBPS PRELIMS PREP,,APPLICATION WINDOW - apply the day it opens (ibps.in). Then prelims mocks 2x/week,PK quick revision daily,Sectional-timed aptitude 2h daily,,
2027-07-17,Sat,7 IBPS PRELIMS PREP,,APPLICATION WINDOW - apply the day it opens (ibps.in). Then prelims mocks 2x/week,PK quick revision daily,Sectional-timed aptitude 2h daily,,
2027-07-18,Sun,7 IBPS PRELIMS PREP,,APPLICATION WINDOW - apply the day it opens (ibps.in). Then prelims mocks 2x/week,PK quick revision daily,Sectional-timed aptitude 2h daily,,
2027-07-19,Mon,7 IBPS PRELIMS PREP,,APPLICATION WINDOW - apply the day it opens (ibps.in). Then prelims mocks 2x/week,PK quick revision daily,Sectional-timed aptitude 2h daily,,
2027-07-20,Tue,7 IBPS PRELIMS PREP,,APPLICATION WINDOW - apply the day it opens (ibps.in). Then prelims mocks 2x/week,PK quick revision daily,Sectional-timed aptitude 2h daily,,
2027-07-21,Wed,7 IBPS PRELIMS PREP,,APPLICATION WINDOW - apply the day it opens (ibps.in). Then prelims mocks 2x/week,PK quick revision daily,Sectional-timed aptitude 2h daily,,
2027-07-22,Thu,7 IBPS PRELIMS PREP,,APPLICATION WINDOW - apply the day it opens (ibps.in). Then prelims mocks 2x/week,PK quick revision daily,Sectional-timed aptitude 2h daily,,
2027-07-23,Fri,7 IBPS PRELIMS PREP,,APPLICATION WINDOW - apply the day it opens (ibps.in). Then prelims mocks 2x/week,PK quick revision daily,Sectional-timed aptitude 2h daily,,
2027-07-24,Sat,7 IBPS PRELIMS PREP,,APPLICATION WINDOW - apply the day it opens (ibps.in). Then prelims mocks 2x/week,PK quick revision daily,Sectional-timed aptitude 2h daily,,
2027-07-25,Sun,7 IBPS PRELIMS PREP,,APPLICATION WINDOW - apply the day it opens (ibps.in). Then prelims mocks 2x/week,PK quick revision daily,Sectional-timed aptitude 2h daily,,
2027-07-26,Mon,7 IBPS PRELIMS PREP,,APPLICATION WINDOW - apply the day it opens (ibps.in). Then prelims mocks 2x/week,PK quick revision daily,Sectional-timed aptitude 2h daily,,
2027-07-27,Tue,7 IBPS PRELIMS PREP,,APPLICATION WINDOW - apply the day it opens (ibps.in). Then prelims mocks 2x/week,PK quick revision daily,Sectional-timed aptitude 2h daily,,
2027-07-28,Wed,7 IBPS PRELIMS PREP,,APPLICATION WINDOW - apply the day it opens (ibps.in). Then prelims mocks 2x/week,PK quick revision daily,Sectional-timed aptitude 2h daily,,
2027-07-29,Thu,7 IBPS PRELIMS PREP,,APPLICATION WINDOW - apply the day it opens (ibps.in). Then prelims mocks 2x/week,PK quick revision daily,Sectional-timed aptitude 2h daily,,
2027-07-30,Fri,7 IBPS PRELIMS PREP,,APPLICATION WINDOW - apply the day it opens (ibps.in). Then prelims mocks 2x/week,PK quick revision daily,Sectional-timed aptitude 2h daily,,
2027-07-31,Sat,7 IBPS PRELIMS PREP,,APPLICATION WINDOW - apply the day it opens (ibps.in). Then prelims mocks 2x/week,PK quick revision daily,Sectional-timed aptitude 2h daily,,
2027-08-01,Sun,7 IBPS PRELIMS PREP,,"Sectional-timing drills only - 20 min per section, hard stop",PK 50-mark section is half of prelims,Full prelims mocks alternate days,,"PRELIMS THIS MONTH - clear cutoff, do not optimise"
2027-08-02,Mon,7 IBPS PRELIMS PREP,,"Sectional-timing drills only - 20 min per section, hard stop",PK 50-mark section is half of prelims,Full prelims mocks alternate days,,
2027-08-03,Tue,7 IBPS PRELIMS PREP,,"Sectional-timing drills only - 20 min per section, hard stop",PK 50-mark section is half of prelims,Full prelims mocks alternate days,,
2027-08-04,Wed,7 IBPS PRELIMS PREP,,"Sectional-timing drills only - 20 min per section, hard stop",PK 50-mark section is half of prelims,Full prelims mocks alternate days,,
2027-08-05,Thu,7 IBPS PRELIMS PREP,,"Sectional-timing drills only - 20 min per section, hard stop",PK 50-mark section is half of prelims,Full prelims mocks alternate days,,
2027-08-06,Fri,7 IBPS PRELIMS PREP,,"Sectional-timing drills only - 20 min per section, hard stop",PK 50-mark section is half of prelims,Full prelims mocks alternate days,,
2027-08-07,Sat,7 IBPS PRELIMS PREP,,"Sectional-timing drills only - 20 min per section, hard stop",PK 50-mark section is half of prelims,Full prelims mocks alternate days,,
2027-08-08,Sun,7 IBPS PRELIMS PREP,,"Sectional-timing drills only - 20 min per section, hard stop",PK 50-mark section is half of prelims,Full prelims mocks alternate days,,
2027-08-09,Mon,7 IBPS PRELIMS PREP,,"Sectional-timing drills only - 20 min per section, hard stop",PK 50-mark section is half of prelims,Full prelims mocks alternate days,,
2027-08-10,Tue,7 IBPS PRELIMS PREP,,"Sectional-timing drills only - 20 min per section, hard stop",PK 50-mark section is half of prelims,Full prelims mocks alternate days,,
2027-08-11,Wed,7 IBPS PRELIMS PREP,,"Sectional-timing drills only - 20 min per section, hard stop",PK 50-mark section is half of prelims,Full prelims mocks alternate days,,
2027-08-12,Thu,7 IBPS PRELIMS PREP,,"Sectional-timing drills only - 20 min per section, hard stop",PK 50-mark section is half of prelims,Full prelims mocks alternate days,,
2027-08-13,Fri,7 IBPS PRELIMS PREP,,"Sectional-timing drills only - 20 min per section, hard stop",PK 50-mark section is half of prelims,Full prelims mocks alternate days,,
2027-08-14,Sat,7 IBPS PRELIMS PREP,,"Sectional-timing drills only - 20 min per section, hard stop",PK 50-mark section is half of prelims,Full prelims mocks alternate days,,
2027-08-15,Sun,7 IBPS PRELIMS PREP,,"Sectional-timing drills only - 20 min per section, hard stop",PK 50-mark section is half of prelims,Full prelims mocks alternate days,,
2027-08-16,Mon,7 IBPS PRELIMS PREP,,"Sectional-timing drills only - 20 min per section, hard stop",PK 50-mark section is half of prelims,Full prelims mocks alternate days,,
2027-08-17,Tue,7 IBPS PRELIMS PREP,,"Sectional-timing drills only - 20 min per section, hard stop",PK 50-mark section is half of prelims,Full prelims mocks alternate days,,
2027-08-18,Wed,7 IBPS PRELIMS PREP,,"Sectional-timing drills only - 20 min per section, hard stop",PK 50-mark section is half of prelims,Full prelims mocks alternate days,,
2027-08-19,Thu,7 IBPS PRELIMS PREP,,"Sectional-timing drills only - 20 min per section, hard stop",PK 50-mark section is half of prelims,Full prelims mocks alternate days,,
2027-08-20,Fri,7 IBPS PRELIMS PREP,,"Sectional-timing drills only - 20 min per section, hard stop",PK 50-mark section is half of prelims,Full prelims mocks alternate days,,
2027-08-21,Sat,7 IBPS PRELIMS PREP,,"Sectional-timing drills only - 20 min per section, hard stop",PK 50-mark section is half of prelims,Full prelims mocks alternate days,,
2027-08-22,Sun,7 IBPS PRELIMS PREP,,"Sectional-timing drills only - 20 min per section, hard stop",PK 50-mark section is half of prelims,Full prelims mocks alternate days,,
2027-08-23,Mon,7 IBPS PRELIMS PREP,,"Sectional-timing drills only - 20 min per section, hard stop",PK 50-mark section is half of prelims,Full prelims mocks alternate days,,
2027-08-24,Tue,7 IBPS PRELIMS PREP,,"Sectional-timing drills only - 20 min per section, hard stop",PK 50-mark section is half of prelims,Full prelims mocks alternate days,,
2027-08-25,Wed,7 IBPS PRELIMS PREP,,"Sectional-timing drills only - 20 min per section, hard stop",PK 50-mark section is half of prelims,Full prelims mocks alternate days,,
2027-08-26,Thu,7 IBPS PRELIMS PREP,,"Sectional-timing drills only - 20 min per section, hard stop",PK 50-mark section is half of prelims,Full prelims mocks alternate days,,
2027-08-27,Fri,7 IBPS PRELIMS PREP,,"Sectional-timing drills only - 20 min per section, hard stop",PK 50-mark section is half of prelims,Full prelims mocks alternate days,,
2027-08-28,Sat,7 IBPS PRELIMS PREP,,"Sectional-timing drills only - 20 min per section, hard stop",PK 50-mark section is half of prelims,Full prelims mocks alternate days,,
2027-08-29,Sun,7 IBPS PRELIMS PREP,,"Sectional-timing drills only - 20 min per section, hard stop",PK 50-mark section is half of prelims,Full prelims mocks alternate days,,
2027-08-30,Mon,7 IBPS PRELIMS PREP,,"Sectional-timing drills only - 20 min per section, hard stop",PK 50-mark section is half of prelims,Full prelims mocks alternate days,,
2027-08-31,Tue,7 IBPS PRELIMS PREP,,"Sectional-timing drills only - 20 min per section, hard stop",PK 50-mark section is half of prelims,Full prelims mocks alternate days,,
2027-09-01,Wed,8 IBPS MAINS PREP,,"Professional Knowledge, hard - the ONLY section that counts for merit",Descriptive English practice 2x/week,Mains-level PK mocks weekly,,Only PK scores. Everything else qualifies
2027-09-02,Thu,8 IBPS MAINS PREP,,"Professional Knowledge, hard - the ONLY section that counts for merit",Descriptive English practice 2x/week,Mains-level PK mocks weekly,,
2027-09-03,Fri,8 IBPS MAINS PREP,,"Professional Knowledge, hard - the ONLY section that counts for merit",Descriptive English practice 2x/week,Mains-level PK mocks weekly,,
2027-09-04,Sat,8 IBPS MAINS PREP,,"Professional Knowledge, hard - the ONLY section that counts for merit",Descriptive English practice 2x/week,Mains-level PK mocks weekly,,
2027-09-05,Sun,8 IBPS MAINS PREP,,"Professional Knowledge, hard - the ONLY section that counts for merit",Descriptive English practice 2x/week,Mains-level PK mocks weekly,,
2027-09-06,Mon,8 IBPS MAINS PREP,,"Professional Knowledge, hard - the ONLY section that counts for merit",Descriptive English practice 2x/week,Mains-level PK mocks weekly,,
2027-09-07,Tue,8 IBPS MAINS PREP,,"Professional Knowledge, hard - the ONLY section that counts for merit",Descriptive English practice 2x/week,Mains-level PK mocks weekly,,
2027-09-08,Wed,8 IBPS MAINS PREP,,"Professional Knowledge, hard - the ONLY section that counts for merit",Descriptive English practice 2x/week,Mains-level PK mocks weekly,,
2027-09-09,Thu,8 IBPS MAINS PREP,,"Professional Knowledge, hard - the ONLY section that counts for merit",Descriptive English practice 2x/week,Mains-level PK mocks weekly,,
2027-09-10,Fri,8 IBPS MAINS PREP,,"Professional Knowledge, hard - the ONLY section that counts for merit",Descriptive English practice 2x/week,Mains-level PK mocks weekly,,
2027-09-11,Sat,8 IBPS MAINS PREP,,"Professional Knowledge, hard - the ONLY section that counts for merit",Descriptive English practice 2x/week,Mains-level PK mocks weekly,,
2027-09-12,Sun,8 IBPS MAINS PREP,,"Professional Knowledge, hard - the ONLY section that counts for merit",Descriptive English practice 2x/week,Mains-level PK mocks weekly,,
2027-09-13,Mon,8 IBPS MAINS PREP,,"Professional Knowledge, hard - the ONLY section that counts for merit",Descriptive English practice 2x/week,Mains-level PK mocks weekly,,
2027-09-14,Tue,8 IBPS MAINS PREP,,"Professional Knowledge, hard - the ONLY section that counts for merit",Descriptive English practice 2x/week,Mains-level PK mocks weekly,,
2027-09-15,Wed,8 IBPS MAINS PREP,,"Professional Knowledge, hard - the ONLY section that counts for merit",Descriptive English practice 2x/week,Mains-level PK mocks weekly,,
2027-09-16,Thu,8 IBPS MAINS PREP,,"Professional Knowledge, hard - the ONLY section that counts for merit",Descriptive English practice 2x/week,Mains-level PK mocks weekly,,
2027-09-17,Fri,8 IBPS MAINS PREP,,"Professional Knowledge, hard - the ONLY section that counts for merit",Descriptive English practice 2x/week,Mains-level PK mocks weekly,,
2027-09-18,Sat,8 IBPS MAINS PREP,,"Professional Knowledge, hard - the ONLY section that counts for merit",Descriptive English practice 2x/week,Mains-level PK mocks weekly,,
2027-09-19,Sun,8 IBPS MAINS PREP,,"Professional Knowledge, hard - the ONLY section that counts for merit",Descriptive English practice 2x/week,Mains-level PK mocks weekly,,
2027-09-20,Mon,8 IBPS MAINS PREP,,"Professional Knowledge, hard - the ONLY section that counts for merit",Descriptive English practice 2x/week,Mains-level PK mocks weekly,,
2027-09-21,Tue,8 IBPS MAINS PREP,,"Professional Knowledge, hard - the ONLY section that counts for merit",Descriptive English practice 2x/week,Mains-level PK mocks weekly,,
2027-09-22,Wed,8 IBPS MAINS PREP,,"Professional Knowledge, hard - the ONLY section that counts for merit",Descriptive English practice 2x/week,Mains-level PK mocks weekly,,
2027-09-23,Thu,8 IBPS MAINS PREP,,"Professional Knowledge, hard - the ONLY section that counts for merit",Descriptive English practice 2x/week,Mains-level PK mocks weekly,,
2027-09-24,Fri,8 IBPS MAINS PREP,,"Professional Knowledge, hard - the ONLY section that counts for merit",Descriptive English practice 2x/week,Mains-level PK mocks weekly,,
2027-09-25,Sat,8 IBPS MAINS PREP,,"Professional Knowledge, hard - the ONLY section that counts for merit",Descriptive English practice 2x/week,Mains-level PK mocks weekly,,
2027-09-26,Sun,8 IBPS MAINS PREP,,"Professional Knowledge, hard - the ONLY section that counts for merit",Descriptive English practice 2x/week,Mains-level PK mocks weekly,,
2027-09-27,Mon,8 IBPS MAINS PREP,,"Professional Knowledge, hard - the ONLY section that counts for merit",Descriptive English practice 2x/week,Mains-level PK mocks weekly,,
2027-09-28,Tue,8 IBPS MAINS PREP,,"Professional Knowledge, hard - the ONLY section that counts for merit",Descriptive English practice 2x/week,Mains-level PK mocks weekly,,
2027-09-29,Wed,8 IBPS MAINS PREP,,"Professional Knowledge, hard - the ONLY section that counts for merit",Descriptive English practice 2x/week,Mains-level PK mocks weekly,,
2027-09-30,Thu,8 IBPS MAINS PREP,,"Professional Knowledge, hard - the ONLY section that counts for merit",Descriptive English practice 2x/week,Mains-level PK mocks weekly,,
2027-10-01,Fri,8 IBPS MAINS PREP,,"Professional Knowledge, hard - the ONLY section that counts for merit",Descriptive English practice 2x/week,Mains-level PK mocks weekly,,
2027-10-02,Sat,8 IBPS MAINS PREP,,"Professional Knowledge, hard - the ONLY section that counts for merit",Descriptive English practice 2x/week,Mains-level PK mocks weekly,,
2027-10-03,Sun,8 IBPS MAINS PREP,,"Professional Knowledge, hard - the ONLY section that counts for merit",Descriptive English practice 2x/week,Mains-level PK mocks weekly,,
2027-10-04,Mon,8 IBPS MAINS PREP,,"Professional Knowledge, hard - the ONLY section that counts for merit",Descriptive English practice 2x/week,Mains-level PK mocks weekly,,
2027-10-05,Tue,8 IBPS MAINS PREP,,"Professional Knowledge, hard - the ONLY section that counts for merit",Descriptive English practice 2x/week,Mains-level PK mocks weekly,,
2027-10-06,Wed,8 IBPS MAINS PREP,,"Professional Knowledge, hard - the ONLY section that counts for merit",Descriptive English practice 2x/week,Mains-level PK mocks weekly,,
2027-10-07,Thu,8 IBPS MAINS PREP,,"Professional Knowledge, hard - the ONLY section that counts for merit",Descriptive English practice 2x/week,Mains-level PK mocks weekly,,
2027-10-08,Fri,8 IBPS MAINS PREP,,"Professional Knowledge, hard - the ONLY section that counts for merit",Descriptive English practice 2x/week,Mains-level PK mocks weekly,,
2027-10-09,Sat,8 IBPS MAINS PREP,,"Professional Knowledge, hard - the ONLY section that counts for merit",Descriptive English practice 2x/week,Mains-level PK mocks weekly,,
2027-10-10,Sun,8 IBPS MAINS PREP,,"Professional Knowledge, hard - the ONLY section that counts for merit",Descriptive English practice 2x/week,Mains-level PK mocks weekly,,
2027-10-11,Mon,8 IBPS MAINS PREP,,"Professional Knowledge, hard - the ONLY section that counts for merit",Descriptive English practice 2x/week,Mains-level PK mocks weekly,,
2027-10-12,Tue,8 IBPS MAINS PREP,,"Professional Knowledge, hard - the ONLY section that counts for merit",Descriptive English practice 2x/week,Mains-level PK mocks weekly,,
2027-10-13,Wed,8 IBPS MAINS PREP,,"Professional Knowledge, hard - the ONLY section that counts for merit",Descriptive English practice 2x/week,Mains-level PK mocks weekly,,
2027-10-14,Thu,8 IBPS MAINS PREP,,"Professional Knowledge, hard - the ONLY section that counts for merit",Descriptive English practice 2x/week,Mains-level PK mocks weekly,,
2027-10-15,Fri,8 IBPS MAINS PREP,,"Professional Knowledge, hard - the ONLY section that counts for merit",Descriptive English practice 2x/week,Mains-level PK mocks weekly,,
2027-10-16,Sat,8 IBPS MAINS PREP,,"Professional Knowledge, hard - the ONLY section that counts for merit",Descriptive English practice 2x/week,Mains-level PK mocks weekly,,
2027-10-17,Sun,8 IBPS MAINS PREP,,"Professional Knowledge, hard - the ONLY section that counts for merit",Descriptive English practice 2x/week,Mains-level PK mocks weekly,,
2027-10-18,Mon,8 IBPS MAINS PREP,,"Professional Knowledge, hard - the ONLY section that counts for merit",Descriptive English practice 2x/week,Mains-level PK mocks weekly,,
2027-10-19,Tue,8 IBPS MAINS PREP,,"Professional Knowledge, hard - the ONLY section that counts for merit",Descriptive English practice 2x/week,Mains-level PK mocks weekly,,
2027-10-20,Wed,8 IBPS MAINS PREP,,"Professional Knowledge, hard - the ONLY section that counts for merit",Descriptive English practice 2x/week,Mains-level PK mocks weekly,,
2027-10-21,Thu,8 IBPS MAINS PREP,,"Professional Knowledge, hard - the ONLY section that counts for merit",Descriptive English practice 2x/week,Mains-level PK mocks weekly,,
2027-10-22,Fri,8 IBPS MAINS PREP,,"Professional Knowledge, hard - the ONLY section that counts for merit",Descriptive English practice 2x/week,Mains-level PK mocks weekly,,
2027-10-23,Sat,8 IBPS MAINS PREP,,"Professional Knowledge, hard - the ONLY section that counts for merit",Descriptive English practice 2x/week,Mains-level PK mocks weekly,,
2027-10-24,Sun,8 IBPS MAINS PREP,,"Professional Knowledge, hard - the ONLY section that counts for merit",Descriptive English practice 2x/week,Mains-level PK mocks weekly,,
2027-10-25,Mon,8 IBPS MAINS PREP,,"Professional Knowledge, hard - the ONLY section that counts for merit",Descriptive English practice 2x/week,Mains-level PK mocks weekly,,
2027-10-26,Tue,8 IBPS MAINS PREP,,"Professional Knowledge, hard - the ONLY section that counts for merit",Descriptive English practice 2x/week,Mains-level PK mocks weekly,,
2027-10-27,Wed,8 IBPS MAINS PREP,,"Professional Knowledge, hard - the ONLY section that counts for merit",Descriptive English practice 2x/week,Mains-level PK mocks weekly,,
2027-10-28,Thu,8 IBPS MAINS PREP,,"Professional Knowledge, hard - the ONLY section that counts for merit",Descriptive English practice 2x/week,Mains-level PK mocks weekly,,
2027-10-29,Fri,8 IBPS MAINS PREP,,"Professional Knowledge, hard - the ONLY section that counts for merit",Descriptive English practice 2x/week,Mains-level PK mocks weekly,,
2027-10-30,Sat,8 IBPS MAINS PREP,,"Professional Knowledge, hard - the ONLY section that counts for merit",Descriptive English practice 2x/week,Mains-level PK mocks weekly,,
2027-10-31,Sun,8 IBPS MAINS PREP,,"Professional Knowledge, hard - the ONLY section that counts for merit",Descriptive English practice 2x/week,Mains-level PK mocks weekly,,
2027-11-01,Mon,8 IBPS MAINS PREP,,*** IBPS SO MAINS (expected) *** then interview prep,"Projects, banking awareness, current affairs",,,MAINS + interview prep
2027-11-02,Tue,8 IBPS MAINS PREP,,*** IBPS SO MAINS (expected) *** then interview prep,"Projects, banking awareness, current affairs",,,
2027-11-03,Wed,8 IBPS MAINS PREP,,*** IBPS SO MAINS (expected) *** then interview prep,"Projects, banking awareness, current affairs",,,
2027-11-04,Thu,8 IBPS MAINS PREP,,*** IBPS SO MAINS (expected) *** then interview prep,"Projects, banking awareness, current affairs",,,
2027-11-05,Fri,8 IBPS MAINS PREP,,*** IBPS SO MAINS (expected) *** then interview prep,"Projects, banking awareness, current affairs",,,
2027-11-06,Sat,8 IBPS MAINS PREP,,*** IBPS SO MAINS (expected) *** then interview prep,"Projects, banking awareness, current affairs",,,
2027-11-07,Sun,8 IBPS MAINS PREP,,*** IBPS SO MAINS (expected) *** then interview prep,"Projects, banking awareness, current affairs",,,
2027-11-08,Mon,8 IBPS MAINS PREP,,*** IBPS SO MAINS (expected) *** then interview prep,"Projects, banking awareness, current affairs",,,
2027-11-09,Tue,8 IBPS MAINS PREP,,*** IBPS SO MAINS (expected) *** then interview prep,"Projects, banking awareness, current affairs",,,
2027-11-10,Wed,8 IBPS MAINS PREP,,*** IBPS SO MAINS (expected) *** then interview prep,"Projects, banking awareness, current affairs",,,
2027-11-11,Thu,8 IBPS MAINS PREP,,*** IBPS SO MAINS (expected) *** then interview prep,"Projects, banking awareness, current affairs",,,
2027-11-12,Fri,8 IBPS MAINS PREP,,*** IBPS SO MAINS (expected) *** then interview prep,"Projects, banking awareness, current affairs",,,
2027-11-13,Sat,8 IBPS MAINS PREP,,*** IBPS SO MAINS (expected) *** then interview prep,"Projects, banking awareness, current affairs",,,
2027-11-14,Sun,8 IBPS MAINS PREP,,*** IBPS SO MAINS (expected) *** then interview prep,"Projects, banking awareness, current affairs",,,
2027-11-15,Mon,8 IBPS MAINS PREP,,*** IBPS SO MAINS (expected) *** then interview prep,"Projects, banking awareness, current affairs",,,
2027-11-16,Tue,8 IBPS MAINS PREP,,*** IBPS SO MAINS (expected) *** then interview prep,"Projects, banking awareness, current affairs",,,
2027-11-17,Wed,8 IBPS MAINS PREP,,*** IBPS SO MAINS (expected) *** then interview prep,"Projects, banking awareness, current affairs",,,
2027-11-18,Thu,8 IBPS MAINS PREP,,*** IBPS SO MAINS (expected) *** then interview prep,"Projects, banking awareness, current affairs",,,
2027-11-19,Fri,8 IBPS MAINS PREP,,*** IBPS SO MAINS (expected) *** then interview prep,"Projects, banking awareness, current affairs",,,
2027-11-20,Sat,8 IBPS MAINS PREP,,*** IBPS SO MAINS (expected) *** then interview prep,"Projects, banking awareness, current affairs",,,
2027-11-21,Sun,8 IBPS MAINS PREP,,*** IBPS SO MAINS (expected) *** then interview prep,"Projects, banking awareness, current affairs",,,
2027-11-22,Mon,8 IBPS MAINS PREP,,*** IBPS SO MAINS (expected) *** then interview prep,"Projects, banking awareness, current affairs",,,
2027-11-23,Tue,8 IBPS MAINS PREP,,*** IBPS SO MAINS (expected) *** then interview prep,"Projects, banking awareness, current affairs",,,
2027-11-24,Wed,8 IBPS MAINS PREP,,*** IBPS SO MAINS (expected) *** then interview prep,"Projects, banking awareness, current affairs",,,
2027-11-25,Thu,8 IBPS MAINS PREP,,*** IBPS SO MAINS (expected) *** then interview prep,"Projects, banking awareness, current affairs",,,
2027-11-26,Fri,8 IBPS MAINS PREP,,*** IBPS SO MAINS (expected) *** then interview prep,"Projects, banking awareness, current affairs",,,
2027-11-27,Sat,8 IBPS MAINS PREP,,*** IBPS SO MAINS (expected) *** then interview prep,"Projects, banking awareness, current affairs",,,
2027-11-28,Sun,8 IBPS MAINS PREP,,*** IBPS SO MAINS (expected) *** then interview prep,"Projects, banking awareness, current affairs",,,
2027-11-29,Mon,8 IBPS MAINS PREP,,*** IBPS SO MAINS (expected) *** then interview prep,"Projects, banking awareness, current affairs",,,
2027-11-30,Tue,8 IBPS MAINS PREP,,*** IBPS SO MAINS (expected) *** then interview prep,"Projects, banking awareness, current affairs",,,
